Time (s),ESC signal (µs),Thrust (gf),Current (A),Torque (N·m),Voltage (V),Electrical Power (W),,,,,,,,,,,,,,,,,,,,,,,,,,,
62.78,1059.00,3.09091322,0.09,,15.71754024,1.367485845,,,,,,,,,,,,,,,,,,,,,,,,,,,
62.88,1067.00,2.528021348,0.08,-0.03,15.71838177,1.326276971,,,,,,,,,,,,,,,,,,,,,,,,,,,
62.938,1067.00,,0.08,,15.71841859,1.294441925,,,,,,,,,,,,,,,,,,,,,,,,,,,
63.051995,1069.00,,0.227396097,-0.03,15.71,3.57206683,,,,,,,,,,,,,,,,,,,,,,,,,,,
63.123995,1069.00,2.019149571,0.295013006,-0.03,15.70367186,4.63278744,,,,,,,,,,,,,,,,,,,,,,,,,,,
63.180995,1069.00,,0.331489126,,15.70153421,5.20,,,,,,,,,,,,,,,,,,,,,,,,,,,
63.257995,1069.00,1.725105879,0.363947364,-0.03,15.69898848,5.713605467,,,,,,,,,,,,,,,,,,,,,,,,,,,
63.282,1069.00,,0.370222385,,15.69849608,5.811934665,,,,,,,,,,,,,,,,,,,,,,,,,,,
63.349,1069.00,-2.86,0.38639902,,15.69766695,6.065563125,,,,,,,,,,,,,,,,,,,,,,,,,,,
63.40,1072.00,,0.397762588,,15.69764826,6.243937203,,,,,,,,,,,,,,,,,,,,,,,,,,,
63.49,1072.00,-9.05,0.399642816,-0.04,15.69700184,6.273194022,,,,,,,,,,,,,,,,,,,,,,,,,,,
63.542995,1074.00,,0.400604788,,15.69619251,6.287969866,,,,,,,,,,,,,,,,,,,,,,,,,,,
63.630995,1077.00,-12.65,0.413917615,-0.04,15.69481343,6.496359742,,,,,,,,,,,,,,,,,,,,,,,,,,,
63.701,1077.00,,0.424403168,,15.69353267,6.66,,,,,,,,,,,,,,,,,,,,,,,,,,,
63.757995,1079.00,,0.443382668,-0.04,15.69167503,6.957416735,,,,,,,,,,,,,,,,,,,,,,,,,,,
63.889995,1082.00,-15.64,0.464383989,,15.69034184,7.286343539,,,,,,,,,,,,,,,,,,,,,,,,,,,
63.965,1082.00,-17.70,0.481795793,-0.04,15.68944704,7.559109586,,,,,,,,,,,,,,,,,,,,,,,,,,,
64.023995,1082.00,,0.498098221,,15.68832015,7.814324365,,,,,,,,,,,,,,,,,,,,,,,,,,,
64.08,1082.00,,0.512380993,,15.68766765,8.038062729,,,,,,,,,,,,,,,,,,,,,,,,,,,
64.175,1087.00,-22.08,0.526746671,-0.04,15.68658498,8.262856422,,,,,,,,,,,,,,,,,,,,,,,,,,,
64.225995,1087.00,,0.53,,15.68555486,8.313787556,,,,,,,,,,,,,,,,,,,,,,,,,,,
64.31,1089.00,-23.16,0.553144644,-0.04,15.68399446,8.675517537,,,,,,,,,,,,,,,,,,,,,,,,,,,
64.371995,1089.00,,0.572428475,,15.68280484,8.977284063,,,,,,,,,,,,,,,,,,,,,,,,,,,
64.452995,1092.00,-24.80,0.590623931,-0.04,15.68108214,9.261622375,,,,,,,,,,,,,,,,,,,,,,,,,,,
64.520995,1094.00,,0.604909925,,15.68050609,9.485293759,,,,,,,,,,,,,,,,,,,,,,,,,,,
64.58,1097.00,-26.35,0.63,,15.67956452,9.841710864,,,,,,,,,,,,,,,,,,,,,,,,,,,
64.715,1097.00,-27.09,0.672612467,-0.04,15.67533708,10.54342714,,,,,,,,,,,,,,,,,,,,,,,,,,,
64.791995,1099.00,,0.702806494,-0.04,15.67320549,11.01523061,,,,,,,,,,,,,,,,,,,,,,,,,,,
64.844995,1099.00,,0.712625659,,15.67198321,11.16825737,,,,,,,,,,,,,,,,,,,,,,,,,,,
64.94,1102.00,-29.51,0.73723853,-0.04,15.67057379,11.55,,,,,,,,,,,,,,,,,,,,,,,,,,,
65.01,1104.00,-30.43,0.747267622,,15.66899132,11.70892988,,,,,,,,,,,,,,,,,,,,,,,,,,,
65.067995,1109.00,,0.754719921,,15.66857949,11.82538908,,,,,,,,,,,,,,,,,,,,,,,,,,,
65.158995,1114.00,-32.33,0.78284421,-0.04,15.66643551,12.26437833,,,,,,,,,,,,,,,,,,,,,,,,,,,
65.233,1114.00,,0.83,,15.66310823,12.976112,,,,,,,,,,,,,,,,,,,,,,,,,,,
65.295995,1117.00,,0.864233478,,15.65998632,13.53388443,,,,,,,,,,,,,,,,,,,,,,,,,,,
65.426995,1117.00,-37.23,0.923250329,-0.04,15.65626587,14.45465262,,,,,,,,,,,,,,,,,,,,,,,,,,,
65.496995,1117.00,-38.89,0.950099144,,15.65444096,14.87327096,,,,,,,,,,,,,,,,,,,,,,,,,,,
65.55,1117.00,,0.968015866,-0.04,15.65293028,15.15228486,,,,,,,,,,,,,,,,,,,,,,,,,,,
65.63,1117.00,-41.90,0.977945049,,15.65146684,15.3062745,,,,,,,,,,,,,,,,,,,,,,,,,,,
65.697,1117.00,,0.983982623,-0.04,15.65110508,15.40041544,,,,,,,,,,,,,,,,,,,,,,,,,,,
65.746995,1117.00,,0.98485812,,15.65134505,15.41435425,,,,,,,,,,,,,,,,,,,,,,,,,,,
65.826995,1117.00,-46.59,0.996877946,-0.04,15.65087593,15.60201306,,,,,,,,,,,,,,,,,,,,,,,,,,,
65.881995,1117.00,,0.996890591,,15.6515196,15.60285262,,,,,,,,,,,,,,,,,,,,,,,,,,,
65.965,1117.00,-47.90,0.993929284,-0.04,15.65072403,15.55571293,,,,,,,,,,,,,,,,,,,,,,,,,,,
66.019995,1117.00,,0.981849732,,15.64997043,15.36591928,,,,,,,,,,,,,,,,,,,,,,,,,,,
66.099,1117.00,-48.71,0.989826985,-0.04,15.64925886,15.49005872,,,,,,,,,,,,,,,,,,,,,,,,,,,
66.161,1117.00,,0.994115003,,15.64886196,15.55676845,,,,,,,,,,,,,,,,,,,,,,,,,,,
66.279995,1117.00,-49.99,0.994288529,,15.64905512,15.559676,,,,,,,,,,,,,,,,,,,,,,,,,,,
66.350995,1119.00,-50.32,0.998302269,-0.04,15.64859247,15.62202536,,,,,,,,,,,,,,,,,,,,,,,,,,,
66.407,1125.00,,0.998533921,,15.64971235,15.62676863,,,,,,,,,,,,,,,,,,,,,,,,,,,
66.507995,1125.00,-50.65,1.00265751,-0.04,15.64856285,15.69014906,,,,,,,,,,,,,,,,,,,,,,,,,,,
66.565995,1125.00,,1.024954571,,15.64745386,16.03792936,,,,,,,,,,,,,,,,,,,,,,,,,,,
66.644995,1125.00,-51.42,1.064421648,-0.04,15.6450731,16.65295449,,,,,,,,,,,,,,,,,,,,,,,,,,,
66.70,1125.00,,1.078522851,,15.64438418,16.87282583,,,,,,,,,,,,,,,,,,,,,,,,,,,
66.777,1125.00,-52.05,1.094213089,,15.64315308,17.11694286,,,,,,,,,,,,,,,,,,,,,,,,,,,
66.841995,1125.00,,1.10387515,-0.04,15.64043534,17.26508792,,,,,,,,,,,,,,,,,,,,,,,,,,,
66.907,1127.00,,1.105032869,,15.64002382,17.28274039,,,,,,,,,,,,,,,,,,,,,,,,,,,
67.028995,1130.00,-52.43,1.10661628,-0.04,15.63966795,17.30711116,,,,,,,,,,,,,,,,,,,,,,,,,,,
67.099,1130.00,-52.87,1.127533803,,15.63773465,17.63207443,,,,,,,,,,,,,,,,,,,,,,,,,,,
67.16,1132.00,,1.146888822,,15.6362177,17.93300329,,,,,,,,,,,,,,,,,,,,,,,,,,,
67.224,1132.00,-53.31,1.165725947,-0.04,15.63452082,18.22556659,,,,,,,,,,,,,,,,,,,,,,,,,,,
67.279995,1132.00,,1.180724986,,15.633421,18.45877079,,,,,,,,,,,,,,,,,,,,,,,,,,,
67.36,1135.00,,1.203661947,-0.04,15.6317521,18.81534518,,,,,,,,,,,,,,,,,,,,,,,,,,,
67.38,1135.00,-55.82,1.209781839,,15.63119481,18.9103356,,,,,,,,,,,,,,,,,,,,,,,,,,,
67.448995,1135.00,,1.235414951,-0.04,15.62951862,19.30894098,,,,,,,,,,,,,,,,,,,,,,,,,,,
67.507995,1135.00,,1.263456651,,15.62862893,19.74609518,,,,,,,,,,,,,,,,,,,,,,,,,,,
67.57,1137.00,-59.32,1.275270293,,15.62727147,19.92899506,,,,,,,,,,,,,,,,,,,,,,,,,,,
67.63,1140.00,,1.284893919,-0.04,15.62565267,20.0773061,,,,,,,,,,,,,,,,,,,,,,,,,,,
67.76,1140.00,-61.77,1.295876329,,15.62432934,20.24719856,,,,,,,,,,,,,,,,,,,,,,,,,,,
67.827995,1140.00,-62.22,1.321992842,-0.04,15.6221556,20.65237788,,,,,,,,,,,,,,,,,,,,,,,,,,,
67.893,1140.00,,1.349567448,,15.62024363,21.08057234,,,,,,,,,,,,,,,,,,,,,,,,,,,
67.94,1140.00,,1.353124633,-0.04,15.61950922,21.13514267,,,,,,,,,,,,,,,,,,,,,,,,,,,
68.02,1140.00,-63.97,1.370900052,,15.61783904,21.41049636,,,,,,,,,,,,,,,,,,,,,,,,,,,
68.07,1140.00,,1.389452245,-0.04,15.61682795,21.69883664,,,,,,,,,,,,,,,,,,,,,,,,,,,
68.161,1142.00,-65.27,1.393941173,,15.61693927,21.76909466,,,,,,,,,,,,,,,,,,,,,,,,,,,
68.228,1142.00,,1.392299395,-0.04,15.61691653,21.74342344,,,,,,,,,,,,,,,,,,,,,,,,,,,
68.295995,1145.00,-65.88,1.412025086,,15.61611704,22.050349,,,,,,,,,,,,,,,,,,,,,,,,,,,
68.35,1145.00,,1.422688342,,15.6152385,22.21561777,,,,,,,,,,,,,,,,,,,,,,,,,,,
68.425995,1145.00,-66.72,1.45385159,-0.04,15.61283428,22.69874395,,,,,,,,,,,,,,,,,,,,,,,,,,,
68.49,1145.00,,1.462478855,,15.61107773,22.83087109,,,,,,,,,,,,,,,,,,,,,,,,,,,
68.61,1145.00,-67.19,1.486555483,-0.04,15.60939531,23.20423217,,,,,,,,,,,,,,,,,,,,,,,,,,,
68.679,1145.00,,1.491935454,-0.04,15.60816873,23.2863803,,,,,,,,,,,,,,,,,,,,,,,,,,,
68.748995,1145.00,-69.04,1.484583422,,15.60773198,23.17098015,,,,,,,,,,,,,,,,,,,,,,,,,,,
68.806995,1147.00,,1.480041733,,15.60757626,23.09986421,,,,,,,,,,,,,,,,,,,,,,,,,,,
68.889995,1147.00,-69.92,1.482002362,-0.04,15.60717942,23.12987676,,,,,,,,,,,,,,,,,,,,,,,,,,,
68.933995,1147.00,,1.496866943,,15.60554394,23.35942286,,,,,,,,,,,,,,,,,,,,,,,,,,,
69.019995,1147.00,-71.30,1.518817138,-0.04,15.60438943,23.7002141,,,,,,,,,,,,,,,,,,,,,,,,,,,
69.077995,1147.00,,1.525492532,,15.60284079,23.80,,,,,,,,,,,,,,,,,,,,,,,,,,,
69.157995,1150.00,,1.53874617,-0.04,15.60251321,24.00830743,,,,,,,,,,,,,,,,,,,,,,,,,,,
69.18,1150.00,-72.38,1.541647111,,15.60,24.05347177,,,,,,,,,,,,,,,,,,,,,,,,,,,
69.246,1150.00,,1.556201552,-0.04,15.60189107,24.27968709,,,,,,,,,,,,,,,,,,,,,,,,,,,
69.295,1150.00,,1.569787148,,15.60007749,24.48880115,,,,,,,,,,,,,,,,,,,,,,,,,,,
69.38,1150.00,-73.96,1.585959481,,15.59904777,24.7394577,,,,,,,,,,,,,,,,,,,,,,,,,,,
69.493995,1152.00,,1.581855265,-0.04,15.59786342,24.67356237,,,,,,,,,,,,,,,,,,,,,,,,,,,
69.581,1152.00,-75.13,1.597392965,-0.04,15.59753775,24.91539707,,,,,,,,,,,,,,,,,,,,,,,,,,,
69.639995,1152.00,-75.57,1.618902622,,15.59735923,25.25060575,,,,,,,,,,,,,,,,,,,,,,,,,,,
69.69,1152.00,,1.630946594,,15.59655389,25.43714645,,,,,,,,,,,,,,,,,,,,,,,,,,,
69.770995,1152.00,-76.08,1.640627244,-0.04,15.59542684,25.58628216,,,,,,,,,,,,,,,,,,,,,,,,,,,
69.82,1152.00,,1.644640604,,15.5951679,25.64844636,,,,,,,,,,,,,,,,,,,,,,,,,,,
69.90,1152.00,,1.647699672,-0.04,15.59469048,25.69536638,,,,,,,,,,,,,,,,,,,,,,,,,,,
69.951,1152.00,-77.62,1.648118239,,15.5943828,25.70138672,,,,,,,,,,,,,,,,,,,,,,,,,,,
70.027995,1152.00,,1.642623711,-0.04,15.5944682,25.61584323,,,,,,,,,,,,,,,,,,,,,,,,,,,
70.09,1152.00,-78.54,1.64065509,,15.59444685,25.58510861,,,,,,,,,,,,,,,,,,,,,,,,,,,
70.143995,1152.00,,1.654376638,,15.59316723,25.79697158,,,,,,,,,,,,,,,,,,,,,,,,,,,
70.22,1152.00,-78.93,1.670877821,-0.04,15.59199131,26.05231246,,,,,,,,,,,,,,,,,,,,,,,,,,,
70.270995,1152.00,,1.659204606,,15.5911205,25.86885895,,,,,,,,,,,,,,,,,,,,,,,,,,,
70.394995,1152.00,,1.663827201,-0.04,15.59226365,25.9428324,,,,,,,,,,,,,,,,,,,,,,,,,,,
70.48,1152.00,-78.36,1.668523761,-0.04,15.59180015,26.01528904,,,,,,,,,,,,,,,,,,,,,,,,,,,
70.528995,1152.00,,1.658618561,,15.59225329,25.86160071,,,,,,,,,,,,,,,,,,,,,,,,,,,
70.608,1152.00,-78.25,1.664517342,-0.04,15.5916343,25.95254569,,,,,,,,,,,,,,,,,,,,,,,,,,,
70.661995,1152.00,,1.658023109,,15.59120724,25.85058189,,,,,,,,,,,,,,,,,,,,,,,,,,,
70.74,1152.00,-77.93,1.655633703,-0.05,15.59102453,25.81302568,,,,,,,,,,,,,,,,,,,,,,,,,,,
70.79,1152.00,,1.663182345,,15.58943898,25.92807968,,,,,,,,,,,,,,,,,,,,,,,,,,,
70.873995,1152.00,-77.80,1.66468261,,15.58931074,25.9512545,,,,,,,,,,,,,,,,,,,,,,,,,,,
70.917995,1152.00,,1.665096935,-0.05,15.59,25.95798967,,,,,,,,,,,,,,,,,,,,,,,,,,,
71.005,1152.00,-77.73,1.667921253,,15.58984982,26.00264185,,,,,,,,,,,,,,,,,,,,,,,,,,,
71.11,1152.00,,1.668898936,-0.04,15.5890414,26.01653461,,,,,,,,,,,,,,,,,,,,,,,,,,,
71.18,1152.00,-79.26,1.659861383,,15.58962963,25.8766242,,,,,,,,,,,,,,,,,,,,,,,,,,,
71.243995,1152.00,,1.663226076,-0.04,15.58945377,25.93,,,,,,,,,,,,,,,,,,,,,,,,,,,
71.291,1152.00,-79.69,1.67230226,,15.59031926,26.07172614,,,,,,,,,,,,,,,,,,,,,,,,,,,
71.368995,1152.00,,1.666498859,-0.04,15.58969486,25.9802087,,,,,,,,,,,,,,,,,,,,,,,,,,,
71.421995,1152.00,,1.661615069,,15.59016556,25.90,,,,,,,,,,,,,,,,,,,,,,,,,,,
71.501995,1152.00,-79.59,1.668539745,-0.04,15.58971905,26.01206584,,,,,,,,,,,,,,,,,,,,,,,,,,,
71.550995,1152.00,,1.665571067,,15.58929043,25.96507109,,,,,,,,,,,,,,,,,,,,,,,,,,,
71.630995,1152.00,-78.84,1.659465415,,15.5890493,25.86948816,,,,,,,,,,,,,,,,,,,,,,,,,,,
71.69,1152.00,,1.666389172,-0.04,15.58838856,25.97632191,,,,,,,,,,,,,,,,,,,,,,,,,,,
71.743995,1152.00,-78.52,1.668615614,,15.58820754,26.0107265,,,,,,,,,,,,,,,,,,,,,,,,,,,
71.826,1152.00,,1.666625942,-0.04,15.58758442,25.97867257,,,,,,,,,,,,,,,,,,,,,,,,,,,
71.87,1152.00,,1.676936174,,15.58695196,26.13832359,,,,,,,,,,,,,,,,,,,,,,,,,,,
71.952995,1152.00,-78.76,1.689502677,-0.04,15.58723822,26.3346807,,,,,,,,,,,,,,,,,,,,,,,,,,,
72.04,1152.00,-79.88,1.676367259,,15.58832054,26.13175018,,,,,,,,,,,,,,,,,,,,,,,,,,,
72.130995,1152.00,,1.664135312,-0.05,15.58781054,25.94022594,,,,,,,,,,,,,,,,,,,,,,,,,,,
72.19,1152.00,-80.72,1.662765329,,15.58750551,25.91836372,,,,,,,,,,,,,,,,,,,,,,,,,,,
72.25,1152.00,,1.66191812,,15.58676188,25.90392201,,,,,,,,,,,,,,,,,,,,,,,,,,,
72.326,1152.00,-80.18,1.657833212,-0.04,15.58738086,25.84127768,,,,,,,,,,,,,,,,,,,,,,,,,,,
72.38,1152.00,,1.663240905,,15.58746158,25.92570371,,,,,,,,,,,,,,,,,,,,,,,,,,,
72.46,1152.00,-79.72,1.662621643,-0.04,15.58741397,25.91597182,,,,,,,,,,,,,,,,,,,,,,,,,,,
72.515995,1152.00,,1.67042241,,15.58619301,26.03552609,,,,,,,,,,,,,,,,,,,,,,,,,,,
72.60,1152.00,,1.67004057,-0.04,15.58633323,26.02980884,,,,,,,,,,,,,,,,,,,,,,,,,,,
72.654995,1152.00,-78.76,1.677939169,,15.58708262,26.15417646,,,,,,,,,,,,,,,,,,,,,,,,,,,
72.778995,1152.00,,1.676547555,-0.04,15.5865757,26.13163537,,,,,,,,,,,,,,,,,,,,,,,,,,,
72.845995,1152.00,-78.62,1.670649244,-0.04,15.58665416,26.03983199,,,,,,,,,,,,,,,,,,,,,,,,,,,
72.890995,1152.00,,1.669726219,,15.58599182,26.02433919,,,,,,,,,,,,,,,,,,,,,,,,,,,
72.97,1152.00,-78.58,1.671259345,,15.58442066,26.04560866,,,,,,,,,,,,,,,,,,,,,,,,,,,
73.029995,1152.00,,1.673130422,-0.04,15.58473746,26.07529836,,,,,,,,,,,,,,,,,,,,,,,,,,,
73.11,1152.00,-78.56,1.668386687,,15.58457093,26.00109067,,,,,,,,,,,,,,,,,,,,,,,,,,,
73.130995,1152.00,,1.67045296,,15.58474728,26.03358722,,,,,,,,,,,,,,,,,,,,,,,,,,,
73.193995,1152.00,,1.665619344,-0.04,15.58657255,25.96129676,,,,,,,,,,,,,,,,,,,,,,,,,,,
73.25,1152.00,-78.96,1.675757996,,15.58500152,26.1166909,,,,,,,,,,,,,,,,,,,,,,,,,,,
73.322,1152.00,,1.672806664,-0.04,15.58514785,26.07093918,,,,,,,,,,,,,,,,,,,,,,,,,,,
73.375995,1152.00,,1.665333776,,15.58491364,25.95408309,,,,,,,,,,,,,,,,,,,,,,,,,,,
73.448995,1152.00,-77.41,1.654905468,-0.04,15.58462003,25.7910729,,,,,,,,,,,,,,,,,,,,,,,,,,,
73.501995,1152.00,,1.644223467,,15.5848516,25.62497873,,,,,,,,,,,,,,,,,,,,,,,,,,,
73.58,1152.00,-78.45,1.65364469,,15.58333335,25.76929645,,,,,,,,,,,,,,,,,,,,,,,,,,,
73.640995,1152.00,,1.66,-0.04,15.58308465,25.87663498,,,,,,,,,,,,,,,,,,,,,,,,,,,
73.70,1152.00,-78.90,1.662597887,,15.58292199,25.90813318,,,,,,,,,,,,,,,,,,,,,,,,,,,
73.84,1152.00,-79.50,1.660524612,-0.04,15.58303097,25.87600645,,,,,,,,,,,,,,,,,,,,,,,,,,,
73.894995,1152.00,,1.673790249,,15.58243934,26.08173502,,,,,,,,,,,,,,,,,,,,,,,,,,,
74.01,1152.00,-79.79,1.676768991,-0.04,15.58272832,26.12863564,,,,,,,,,,,,,,,,,,,,,,,,,,,
74.08,1152.00,,1.668280592,-0.04,15.58230787,25.99566179,,,,,,,,,,,,,,,,,,,,,,,,,,,
74.131995,1152.00,-80.07,1.68226404,,15.58179201,26.21268838,,,,,,,,,,,,,,,,,,,,,,,,,,,
74.21,1152.00,,1.671121897,-0.04,15.58179487,26.04,,,,,,,,,,,,,,,,,,,,,,,,,,,
74.23,1152.00,,1.68,,15.58201467,26.11334456,,,,,,,,,,,,,,,,,,,,,,,,,,,
74.295995,1152.00,-79.74,1.671845282,,15.58158786,26.05000415,,,,,,,,,,,,,,,,,,,,,,,,,,,
74.344,1152.00,,1.665194946,,15.58145731,25.94616396,,,,,,,,,,,,,,,,,,,,,,,,,,,
74.42,1152.00,-78.23,1.661754578,-0.05,15.58206955,25.89357542,,,,,,,,,,,,,,,,,,,,,,,,,,,
74.47,1152.00,,1.660773229,,15.58124721,25.87691824,,,,,,,,,,,,,,,,,,,,,,,,,,,
74.550995,1152.00,,1.662674687,-0.05,15.58119194,25.90645343,,,,,,,,,,,,,,,,,,,,,,,,,,,
74.61,1152.00,-77.13,1.660631787,,15.58053832,25.8735372,,,,,,,,,,,,,,,,,,,,,,,,,,,
74.73,1152.00,,1.658677088,-0.05,15.57919619,25.84085577,,,,,,,,,,,,,,,,,,,,,,,,,,,
74.801995,1152.00,-76.76,1.661969443,-0.05,15.579463,25.89259143,,,,,,,,,,,,,,,,,,,,,,,,,,,
74.853995,1152.00,,1.663992648,,15.5804298,25.92572064,,,,,,,,,,,,,,,,,,,,,,,,,,,
74.926995,1152.00,-76.82,1.666595596,-0.05,15.58075763,25.96682205,,,,,,,,,,,,,,,,,,,,,,,,,,,
74.979995,1152.00,,1.667188739,,15.58134818,25.98,,,,,,,,,,,,,,,,,,,,,,,,,,,
75.06,1152.00,-76.85,1.6670875,,15.58001752,25.97325246,,,,,,,,,,,,,,,,,,,,,,,,,,,
75.112,1152.00,,1.66,-0.04,15.58063477,25.91419754,,,,,,,,,,,,,,,,,,,,,,,,,,,
75.20,1152.00,-76.99,1.671777307,,15.58016033,26.04655849,,,,,,,,,,,,,,,,,,,,,,,,,,,
75.247995,1152.00,,1.664404662,,15.57963137,25.93081108,,,,,,,,,,,,,,,,,,,,,,,,,,,
75.327995,1152.00,-77.06,1.657557125,-0.04,15.58035048,25.82532094,,,,,,,,,,,,,,,,,,,,,,,,,,,
75.372995,1152.00,,1.660293115,,15.58027146,25.86781745,,,,,,,,,,,,,,,,,,,,,,,,,,,
75.448995,1152.00,,1.661196459,-0.04,15.57963969,25.88084229,,,,,,,,,,,,,,,,,,,,,,,,,,,
75.536,1152.00,-77.09,1.66341682,,15.57984857,25.91578216,,,,,,,,,,,,,,,,,,,,,,,,,,,
75.612,1152.00,-76.96,1.665041071,-0.04,15.57888884,25.93948976,,,,,,,,,,,,,,,,,,,,,,,,,,,
75.643,1152.00,,1.662266234,,15.57829087,25.8952669,,,,,,,,,,,,,,,,,,,,,,,,,,,
75.71,1152.00,,1.659660065,-0.04,15.57872694,25.85539097,,,,,,,,,,,,,,,,,,,,,,,,,,,
75.77,1152.00,-76.84,1.671424851,,15.57793786,26.03735246,,,,,,,,,,,,,,,,,,,,,,,,,,,
75.809995,1152.00,,1.670090009,,15.57663401,26.01,,,,,,,,,,,,,,,,,,,,,,,,,,,
75.895995,1152.00,,1.651615404,-0.04,15.5780867,25.72900795,,,,,,,,,,,,,,,,,,,,,,,,,,,
75.95,1152.00,-76.81,1.662666482,,15.57829681,25.90151194,,,,,,,,,,,,,,,,,,,,,,,,,,,
76.019995,1152.00,,1.668623909,-0.04,15.57747076,25.99294015,,,,,,,,,,,,,,,,,,,,,,,,,,,
76.073995,1152.00,,1.677617188,,15.57801435,26.13394463,,,,,,,,,,,,,,,,,,,,,,,,,,,
76.152995,1152.00,-76.80,1.670930431,-0.04,15.57780441,26.02942744,,,,,,,,,,,,,,,,,,,,,,,,,,,
76.197,1152.00,,1.659286625,,15.57797147,25.84831971,,,,,,,,,,,,,,,,,,,,,,,,,,,
76.28,1152.00,-78.11,1.665155873,,15.57748505,25.93894071,,,,,,,,,,,,,,,,,,,,,,,,,,,
76.381995,1152.00,,1.678098698,-0.04,15.57851266,26.14228181,,,,,,,,,,,,,,,,,,,,,,,,,,,
76.465,1152.00,-78.93,1.672914438,-0.04,15.57870409,26.061839,,,,,,,,,,,,,,,,,,,,,,,,,,,
76.527995,1152.00,-79.08,1.665772623,,15.57758928,25.94872175,,,,,,,,,,,,,,,,,,,,,,,,,,,
76.574995,1152.00,,1.654518526,,15.57769391,25.77358316,,,,,,,,,,,,,,,,,,,,,,,,,,,
76.652,1152.00,,1.656905711,-0.04,15.57803345,25.81133259,,,,,,,,,,,,,,,,,,,,,,,,,,,
76.70,1152.00,-78.32,1.654913501,,15.5774358,25.77930882,,,,,,,,,,,,,,,,,,,,,,,,,,,
76.777,1152.00,,1.662055844,-0.04,15.57752542,25.89071716,,,,,,,,,,,,,,,,,,,,,,,,,,,
76.827995,1152.00,,1.660234467,,15.57687238,25.86126041,,,,,,,,,,,,,,,,,,,,,,,,,,,
76.902,1152.00,-78.03,1.667185853,-0.04,15.57634816,25.9686673,,,,,,,,,,,,,,,,,,,,,,,,,,,
76.949995,1152.00,,1.666142551,,15.57640592,25.9525127,,,,,,,,,,,,,,,,,,,,,,,,,,,
77.032995,1152.00,-78.57,1.667472919,-0.04,15.57617692,25.9728532,,,,,,,,,,,,,,,,,,,,,,,,,,,
77.10,1152.00,,1.666394687,,15.57573553,25.95532293,,,,,,,,,,,,,,,,,,,,,,,,,,,
77.153995,1152.00,-79.01,1.66823322,,15.57621233,25.98475484,,,,,,,,,,,,,,,,,,,,,,,,,,,
77.24,1152.00,,1.672128092,-0.04,15.57599487,26.04505857,,,,,,,,,,,,,,,,,,,,,,,,,,,
77.349,1152.00,-79.27,1.669648116,,15.57641838,26.0071376,,,,,,,,,,,,,,,,,,,,,,,,,,,
77.416,1152.00,-79.74,1.671232349,-0.04,15.57686123,26.03255438,,,,,,,,,,,,,,,,,,,,,,,,,,,
77.478995,1165.00,,1.66997729,,15.57558811,26.01087841,,,,,,,,,,,,,,,,,,,,,,,,,,,
77.558995,1167.00,-79.13,1.666479682,-0.04,15.57488544,25.95523014,,,,,,,,,,,,,,,,,,,,,,,,,,,
77.582995,1170.00,,1.732123087,,15.56994546,26.969062,,,,,,,,,,,,,,,,,,,,,,,,,,,
77.65,1175.00,,1.870917649,-0.04,15.5590209,29.10964682,,,,,,,,,,,,,,,,,,,,,,,,,,,
77.702995,1177.00,,1.957901225,,15.5527551,30.45,,,,,,,,,,,,,,,,,,,,,,,,,,,
77.787995,1180.00,-80.24,2.133948565,-0.05,15.5411464,33.16400707,,,,,,,,,,,,,,,,,,,,,,,,,,,
77.849,1180.00,,2.218386435,,15.53517294,34.4630169,,,,,,,,,,,,,,,,,,,,,,,,,,,
77.93,1180.00,-86.96,2.339103936,-0.05,15.52656868,36.32,,,,,,,,,,,,,,,,,,,,,,,,,,,
77.998995,1182.00,,2.44,,15.51971391,37.86849711,,,,,,,,,,,,,,,,,,,,,,,,,,,
78.07,1185.00,-97.01,2.473301486,,15.51611547,38.37603146,,,,,,,,,,,,,,,,,,,,,,,,,,,
78.201995,1187.00,,2.540847575,-0.05,15.5122469,39.41425491,,,,,,,,,,,,,,,,,,,,,,,,,,,
78.277,1195.00,-106.93,2.602865574,-0.05,15.50890536,40.36759584,,,,,,,,,,,,,,,,,,,,,,,,,,,
78.327995,1197.00,-108.97,2.64,,15.50512106,40.94599553,,,,,,,,,,,,,,,,,,,,,,,,,,,
78.42,1197.00,,2.805245437,-0.05,15.49325774,43.46239056,,,,,,,,,,,,,,,,,,,,,,,,,,,
78.47,1197.00,,2.87,,15.48775079,44.41196442,,,,,,,,,,,,,,,,,,,,,,,,,,,
78.556995,1197.00,-113.94,2.964288438,-0.05,15.48012135,45.88754475,,,,,,,,,,,,,,,,,,,,,,,,,,,
78.581,1197.00,,2.98017757,,15.47967438,46.13217837,,,,,,,,,,,,,,,,,,,,,,,,,,,
78.649995,1197.00,-120.20,3.026339737,,15.47640449,46.83685788,,,,,,,,,,,,,,,,,,,,,,,,,,,
78.701995,1197.00,,3.04125471,-0.05,15.47444863,47.06173978,,,,,,,,,,,,,,,,,,,,,,,,,,,
78.782995,1197.00,-124.59,3.08119837,,15.47232701,47.67330876,,,,,,,,,,,,,,,,,,,,,,,,,,,
78.85,1197.00,,3.092304713,-0.05,15.47057176,47.83972196,,,,,,,,,,,,,,,,,,,,,,,,,,,
78.898995,1197.00,,3.08252714,,15.47106929,47.69,,,,,,,,,,,,,,,,,,,,,,,,,,,
79.028995,1197.00,-129.48,3.086529921,-0.05,15.47043346,47.74995578,,,,,,,,,,,,,,,,,,,,,,,,,,,
79.103995,1197.00,-130.17,3.085345102,,15.46985622,47.72984512,,,,,,,,,,,,,,,,,,,,,,,,,,,
79.143,1197.00,,3.084492975,-0.05,15.46868771,47.71305856,,,,,,,,,,,,,,,,,,,,,,,,,,,
79.23,1197.00,-130.52,3.087338157,,15.46848714,47.75645059,,,,,,,,,,,,,,,,,,,,,,,,,,,
79.286995,1197.00,,3.092759076,,15.46812507,47.84,,,,,,,,,,,,,,,,,,,,,,,,,,,
79.37,1197.00,-130.69,3.095611361,-0.05,15.46752256,47.88143857,,,,,,,,,,,,,,,,,,,,,,,,,,,
79.422995,1197.00,,3.092243354,,15.46724457,47.83,,,,,,,,,,,,,,,,,,,,,,,,,,,
79.501995,1197.00,-130.22,3.088163322,-0.05,15.46751078,47.76619948,,,,,,,,,,,,,,,,,,,,,,,,,,,
79.550995,1197.00,,3.098889541,,15.46763721,47.93249917,,,,,,,,,,,,,,,,,,,,,,,,,,,
79.63,1197.00,,3.093950991,-0.05,15.46729193,47.85504319,,,,,,,,,,,,,,,,,,,,,,,,,,,
79.679,1197.00,-132.23,3.102555453,,15.46694673,47.9870599,,,,,,,,,,,,,,,,,,,,,,,,,,,
79.76,1197.00,,3.09695599,-0.05,15.46639107,47.89873249,,,,,,,,,,,,,,,,,,,,,,,,,,,
79.82,1197.00,,3.086656606,,15.46669771,47.74038467,,,,,,,,,,,,,,,,,,,,,,,,,,,
79.876995,1197.00,-132.46,3.099149066,-0.05,15.46563716,47.93031495,,,,,,,,,,,,,,,,,,,,,,,,,,,
79.92,1197.00,,3.104352928,,15.46558482,48.01063351,,,,,,,,,,,,,,,,,,,,,,,,,,,
80.006995,1197.00,-132.52,3.11,,15.46502116,48.0854362,,,,,,,,,,,,,,,,,,,,,,,,,,,
80.07,1197.00,,3.107733193,-0.05,15.46460624,48.05987014,,,,,,,,,,,,,,,,,,,,,,,,,,,
80.121,1197.00,-132.55,3.102356217,,15.4644471,47.9762236,,,,,,,,,,,,,,,,,,,,,,,,,,,
80.198995,1197.00,,3.099821895,-0.05,15.46374141,47.93484419,,,,,,,,,,,,,,,,,,,,,,,,,,,
80.248995,1197.00,,3.104147296,,15.46286403,48.00,,,,,,,,,,,,,,,,,,,,,,,,,,,
80.33,1197.00,-131.63,3.102570033,-0.05,15.46268006,47.9740478,,,,,,,,,,,,,,,,,,,,,,,,,,,
80.36,1197.00,,3.097773499,,15.46296652,47.90076791,,,,,,,,,,,,,,,,,,,,,,,,,,,
80.42,1197.00,-131.71,3.096534305,,15.46370423,47.88389062,,,,,,,,,,,,,,,,,,,,,,,,,,,
80.474,1197.00,,3.104815884,,15.46368662,48.01189984,,,,,,,,,,,,,,,,,,,,,,,,,,,
80.55,1197.00,-131.77,3.102870591,-0.05,15.46311222,47.98003614,,,,,,,,,,,,,,,,,,,,,,,,,,,
80.60,1197.00,,3.0957408,,15.46225131,47.86712225,,,,,,,,,,,,,,,,,,,,,,,,,,,
80.738995,1197.00,-133.46,3.100748075,-0.05,15.46033873,47.93861557,,,,,,,,,,,,,,,,,,,,,,,,,,,
80.853,1205.00,-133.92,3.097635377,-0.05,15.46135451,47.8936387,,,,,,,,,,,,,,,,,,,,,,,,,,,
80.908995,1208.00,,3.095023558,,15.46138312,47.85334499,,,,,,,,,,,,,,,,,,,,,,,,,,,
81.007995,1215.00,-134.18,3.242485047,-0.05,15.45226129,50.10372619,,,,,,,,,,,,,,,,,,,,,,,,,,,
81.029995,1215.00,,3.277275878,,15.45031571,50.63494697,,,,,,,,,,,,,,,,,,,,,,,,,,,
81.10,1218.00,,3.475909442,-0.05,15.43673374,53.65668856,,,,,,,,,,,,,,,,,,,,,,,,,,,
81.16,1223.00,,3.578925803,,15.42934803,55.22049178,,,,,,,,,,,,,,,,,,,,,,,,,,,
81.22,1230.00,-135.69,3.677551914,-0.05,15.42142141,56.71307781,,,,,,,,,,,,,,,,,,,,,,,,,,,
81.277,1233.00,,3.761893005,,15.41679989,57.99635167,,,,,,,,,,,,,,,,,,,,,,,,,,,
81.358,1235.00,-146.75,4.016401673,,15.39574238,61.83548544,,,,,,,,,,,,,,,,,,,,,,,,,,,
81.38,1235.00,,4.05127975,-0.06,15.39210617,62.35772804,,,,,,,,,,,,,,,,,,,,,,,,,,,
81.448995,1235.00,-152.13,4.224087707,,15.3798725,64.96593038,,,,,,,,,,,,,,,,,,,,,,,,,,,
81.506995,1235.00,,4.310649154,,15.37283276,66.26688854,,,,,,,,,,,,,,,,,,,,,,,,,,,
81.59,1235.00,,4.390826081,-0.06,15.3660346,67.46958548,,,,,,,,,,,,,,,,,,,,,,,,,,,
81.66,1235.00,-165.21,4.430869039,,15.36160237,68.06524835,,,,,,,,,,,,,,,,,,,,,,,,,,,
81.724,1235.00,,4.465339709,-0.06,15.35936267,68.58477203,,,,,,,,,,,,,,,,,,,,,,,,,,,
81.770995,1235.00,-169.74,4.492572484,,15.35834239,68.99846643,,,,,,,,,,,,,,,,,,,,,,,,,,,
81.871,1235.00,,4.502466194,-0.06,15.35602636,69.13998955,,,,,,,,,,,,,,,,,,,,,,,,,,,
81.92,1235.00,-175.74,4.516477866,,15.3552811,69.35178722,,,,,,,,,,,,,,,,,,,,,,,,,,,
82.005995,1235.00,,4.523205454,-0.06,15.35393253,69.44899134,,,,,,,,,,,,,,,,,,,,,,,,,,,
82.03,1235.00,,4.530597623,,15.3530151,69.55833371,,,,,,,,,,,,,,,,,,,,,,,,,,,
82.095995,1235.00,-178.35,4.541203504,,15.35141663,69.71,,,,,,,,,,,,,,,,,,,,,,,,,,,
82.15,1235.00,,4.531334856,-0.06,15.35,69.56066358,,,,,,,,,,,,,,,,,,,,,,,,,,,
82.225995,1235.00,-179.17,4.537960395,,15.35072329,69.66097431,,,,,,,,,,,,,,,,,,,,,,,,,,,
82.282,1235.00,,4.54,,15.35089505,69.76272428,,,,,,,,,,,,,,,,,,,,,,,,,,,
82.358,1235.00,-180.10,4.54089534,-0.06,15.34976269,69.70166586,,,,,,,,,,,,,,,,,,,,,,,,,,,
82.412995,1235.00,,4.544795419,,15.34892044,69.75770328,,,,,,,,,,,,,,,,,,,,,,,,,,,
82.48,1235.00,,4.534994621,-0.06,15.34880377,69.60674253,,,,,,,,,,,,,,,,,,,,,,,,,,,
82.541995,1235.00,-180.02,4.532459799,,15.34917065,69.56949893,,,,,,,,,,,,,,,,,,,,,,,,,,,
82.594995,1235.00,,4.535215058,-0.06,15.34788011,69.60593699,,,,,,,,,,,,,,,,,,,,,,,,,,,
82.675995,1235.00,-180.00,4.538717971,,15.34819853,69.6611445,,,,,,,,,,,,,,,,,,,,,,,,,,,
82.73,1235.00,,4.541529797,,15.34718191,69.69968396,,,,,,,,,,,,,,,,,,,,,,,,,,,
82.80,1235.00,-179.16,4.539310262,-0.06,15.34669749,69.6634214,,,,,,,,,,,,,,,,,,,,,,,,,,,
82.86,1235.00,,4.531971894,,15.34648958,69.54985947,,,,,,,,,,,,,,,,,,,,,,,,,,,
82.933995,1235.00,,4.525769029,-0.06,15.3456957,69.45107435,,,,,,,,,,,,,,,,,,,,,,,,,,,
83.000995,1235.00,-178.50,4.542288041,,15.34586869,69.70535581,,,,,,,,,,,,,,,,,,,,,,,,,,,
83.07,1235.00,,4.548517548,-0.06,15.3451901,69.79786646,,,,,,,,,,,,,,,,,,,,,,,,,,,
83.121995,1235.00,-178.33,4.551175969,,15.34587121,69.84176026,,,,,,,,,,,,,,,,,,,,,,,,,,,
83.21,1235.00,,4.547590454,-0.06,15.34530057,69.78414237,,,,,,,,,,,,,,,,,,,,,,,,,,,
83.27,1235.00,-179.26,4.536611355,,15.34414057,69.61040232,,,,,,,,,,,,,,,,,,,,,,,,,,,
83.32,1235.00,,4.534774665,,15.34372844,69.58035099,,,,,,,,,,,,,,,,,,,,,,,,,,,
83.40,1235.00,-179.61,4.526708887,-0.06,15.34301006,69.45334001,,,,,,,,,,,,,,,,,,,,,,,,,,,
83.45,1235.00,,4.516701981,,15.34341652,69.3016398,,,,,,,,,,,,,,,,,,,,,,,,,,,
83.532995,1235.00,,4.530501076,-0.06,15.3422027,69.51,,,,,,,,,,,,,,,,,,,,,,,,,,,
83.56,1235.00,-179.46,4.528953826,,15.34211597,69.48373481,,,,,,,,,,,,,,,,,,,,,,,,,,,
83.63,1235.00,,4.52434871,-0.06,15.34,69.41358956,,,,,,,,,,,,,,,,,,,,,,,,,,,
83.680995,1235.00,,4.516455437,,15.34176216,69.29038513,,,,,,,,,,,,,,,,,,,,,,,,,,,
83.82,1235.00,-179.39,4.530606356,-0.06,15.34162694,69.50687251,,,,,,,,,,,,,,,,,,,,,,,,,,,
83.88,1235.00,-179.88,4.534660074,,15.34113028,69.56681095,,,,,,,,,,,,,,,,,,,,,,,,,,,
83.94,1235.00,,4.618967208,-0.06,15.33421465,70.82823463,,,,,,,,,,,,,,,,,,,,,,,,,,,
83.996995,1235.00,,4.638389335,,15.33401791,71.12514515,,,,,,,,,,,,,,,,,,,,,,,,,,,
84.074995,1240.00,-181.41,4.578778885,-0.06,15.33416891,70.21176884,,,,,,,,,,,,,,,,,,,,,,,,,,,
84.126995,1243.00,,4.58577085,,15.33404522,70.31841757,,,,,,,,,,,,,,,,,,,,,,,,,,,
84.219995,1250.00,-182.31,4.646257333,,15.32900951,71.22252283,,,,,,,,,,,,,,,,,,,,,,,,,,,
84.282,1255.00,,4.729898379,-0.06,15.32,72.47609431,,,,,,,,,,,,,,,,,,,,,,,,,,,
84.362995,1258.00,-184.38,4.921668088,-0.06,15.3097705,75.34960893,,,,,,,,,,,,,,,,,,,,,,,,,,,
84.425995,1260.00,,5.06,,15.3010641,77.41,,,,,,,,,,,,,,,,,,,,,,,,,,,
84.511995,1265.00,-189.61,5.244910726,-0.06,15.28618862,80.17469466,,,,,,,,,,,,,,,,,,,,,,,,,,,
84.57,1265.00,,5.33764271,,15.28095286,81.56426666,,,,,,,,,,,,,,,,,,,,,,,,,,,
84.697,1268.00,-200.78,5.612242752,,15.26131347,85.65019592,,,,,,,,,,,,,,,,,,,,,,,,,,,
84.777,1273.00,-204.80,5.696881619,-0.06,15.25464209,86.90389012,,,,,,,,,,,,,,,,,,,,,,,,,,,
84.831,1273.00,,5.774781838,,15.24966234,88.06347314,,,,,,,,,,,,,,,,,,,,,,,,,,,
84.907,1273.00,-211.24,5.930067885,-0.06,15.23694034,90.36,,,,,,,,,,,,,,,,,,,,,,,,,,,
84.97,1273.00,,6.012908604,-0.06,15.22984027,91.57563757,,,,,,,,,,,,,,,,,,,,,,,,,,,
85.024995,1273.00,,6.087645762,,15.22622432,92.69185994,,,,,,,,,,,,,,,,,,,,,,,,,,,
85.104995,1273.00,-220.05,6.124607941,,15.22157659,93.22618886,,,,,,,,,,,,,,,,,,,,,,,,,,,
85.171995,1273.00,,6.142666581,-0.07,15.21992293,93.49091193,,,,,,,,,,,,,,,,,,,,,,,,,,,
85.220995,1273.00,-224.26,6.144633523,,15.21712073,93.50363016,,,,,,,,,,,,,,,,,,,,,,,,,,,
85.301995,1273.00,,6.181953086,-0.07,15.21565423,94.06246064,,,,,,,,,,,,,,,,,,,,,,,,,,,
85.354995,1273.00,,6.171928573,,15.21476878,93.90446618,,,,,,,,,,,,,,,,,,,,,,,,,,,
85.44,1273.00,-227.03,6.197646797,-0.07,15.21372694,94.28930602,,,,,,,,,,,,,,,,,,,,,,,,,,,
85.541,1273.00,,6.196546441,,15.21271873,94.26631807,,,,,,,,,,,,,,,,,,,,,,,,,,,
85.63,1273.00,-227.10,6.200758523,-0.07,15.21102687,94.31990449,,,,,,,,,,,,,,,,,,,,,,,,,,,
85.67,1273.00,-226.40,6.215834663,,15.21021749,94.54419708,,,,,,,,,,,,,,,,,,,,,,,,,,,
85.76,1273.00,,6.210513276,-0.07,15.20978597,94.46057768,,,,,,,,,,,,,,,,,,,,,,,,,,,
85.82,1273.00,-226.83,6.198601775,,15.2098903,94.28005303,,,,,,,,,,,,,,,,,,,,,,,,,,,
85.873995,1273.00,,6.217070365,,15.20937632,94.55776281,,,,,,,,,,,,,,,,,,,,,,,,,,,
85.96,1273.00,-227.18,6.224221765,-0.07,15.20858979,94.6616356,,,,,,,,,,,,,,,,,,,,,,,,,,,
86.019995,1273.00,,6.214611777,-0.07,15.20863708,94.51577511,,,,,,,,,,,,,,,,,,,,,,,,,,,
86.067995,1273.00,,6.229077573,,15.20722532,94.72698621,,,,,,,,,,,,,,,,,,,,,,,,,,,
86.145995,1273.00,-227.38,6.219063324,,15.206468,94.56998743,,,,,,,,,,,,,,,,,,,,,,,,,,,
86.20,1273.00,,6.209820836,-0.07,15.20562417,94.42420177,,,,,,,,,,,,,,,,,,,,,,,,,,,
86.331,1273.00,-225.29,6.224069921,,15.20597616,94.64305883,,,,,,,,,,,,,,,,,,,,,,,,,,,
86.41,1273.00,-224.86,6.212488111,-0.07,15.20,94.46,,,,,,,,,,,,,,,,,,,,,,,,,,,
86.474,1273.00,,6.200476712,-0.07,15.20380967,94.2708678,,,,,,,,,,,,,,,,,,,,,,,,,,,
86.527,1273.00,,6.19345131,,15.20254374,94.15621445,,,,,,,,,,,,,,,,,,,,,,,,,,,
86.612995,1273.00,-226.93,6.197653877,-0.07,15.20282269,94.22183296,,,,,,,,,,,,,,,,,,,,,,,,,,,
86.67,1273.00,,6.189099075,,15.20301002,94.09293526,,,,,,,,,,,,,,,,,,,,,,,,,,,
86.75,1273.00,-227.46,6.202654875,,15.20,94.29715514,,,,,,,,,,,,,,,,,,,,,,,,,,,
86.801995,1273.00,,6.198737947,-0.07,15.20248845,94.23624203,,,,,,,,,,,,,,,,,,,,,,,,,,,
86.88,1273.00,-227.47,6.207055735,,15.20205391,94.35999589,,,,,,,,,,,,,,,,,,,,,,,,,,,
86.93,1275.00,,6.228332412,,15.20163741,94.68085101,,,,,,,,,,,,,,,,,,,,,,,,,,,
87.018995,1281.00,-227.48,6.21,-0.07,15.20064754,94.38,,,,,,,,,,,,,,,,,,,,,,,,,,,
87.074995,1281.00,,6.215722072,,15.19908495,94.4732878,,,,,,,,,,,,,,,,,,,,,,,,,,,
87.21,1291.00,-228.11,6.53,-0.07,15.1783555,99.15,,,,,,,,,,,,,,,,,,,,,,,,,,,
87.29,1296.00,,6.535743964,-0.07,15.17513905,99.18082347,,,,,,,,,,,,,,,,,,,,,,,,,,,
87.362995,1298.00,-232.55,6.75,-0.07,15.1608232,102.3616987,,,,,,,,,,,,,,,,,,,,,,,,,,,
87.44,1298.00,,7.025883068,,15.14083669,106.3777481,,,,,,,,,,,,,,,,,,,,,,,,,,,
87.46,1301.00,-234.12,7.091513526,,15.13524704,107.3318091,,,,,,,,,,,,,,,,,,,,,,,,,,,
87.533995,1303.00,,7.240601263,-0.07,15.12463664,109.5114631,,,,,,,,,,,,,,,,,,,,,,,,,,,
87.591995,1306.00,,7.336181433,,15.11644992,110.8970192,,,,,,,,,,,,,,,,,,,,,,,,,,,
87.666,1306.00,-248.79,7.519055528,-0.07,15.10376581,113.5660538,,,,,,,,,,,,,,,,,,,,,,,,,,,
87.719995,1306.00,,7.628290659,,15.09499917,115.1490411,,,,,,,,,,,,,,,,,,,,,,,,,,,
87.805995,1306.00,-254.99,7.732805626,-0.07,15.08563322,116.6542694,,,,,,,,,,,,,,,,,,,,,,,,,,,
87.862995,1306.00,,7.827285108,,15.08193021,118.0505678,,,,,,,,,,,,,,,,,,,,,,,,,,,
87.92,1306.00,-263.12,7.9017206,,15.08008609,119.1586269,,,,,,,,,,,,,,,,,,,,,,,,,,,
88.005,1306.00,,7.93,-0.07,15.07598428,119.4915736,,,,,,,,,,,,,,,,,,,,,,,,,,,
88.07,1306.00,-269.48,7.952603687,,15.07286754,119.868542,,,,,,,,,,,,,,,,,,,,,,,,,,,
88.154995,1306.00,,7.93,-0.07,15.07126696,119.5606867,,,,,,,,,,,,,,,,,,,,,,,,,,,
88.247995,1306.00,-271.69,7.894497354,,15.06790643,118.95,,,,,,,,,,,,,,,,,,,,,,,,,,,
88.296995,1306.00,,7.870274993,-0.07,15.06516742,118.5670104,,,,,,,,,,,,,,,,,,,,,,,,,,,
88.38,1306.00,-273.02,7.844220721,,15.06369043,118.1629126,,,,,,,,,,,,,,,,,,,,,,,,,,,
88.45,1306.00,,7.8985809,-0.07,15.06471479,118.9898685,,,,,,,,,,,,,,,,,,,,,,,,,,,
88.496995,1306.00,,7.948619699,,15.06551003,119.7500098,,,,,,,,,,,,,,,,,,,,,,,,,,,
88.58,1306.00,-274.91,7.995473841,-0.07,15.06322654,120.4376338,,,,,,,,,,,,,,,,,,,,,,,,,,,
88.640995,1306.00,-275.22,7.989695398,,15.0632426,120.3507201,,,,,,,,,,,,,,,,,,,,,,,,,,,
88.693995,1306.00,,7.980625033,,15.06221905,120.2059224,,,,,,,,,,,,,,,,,,,,,,,,,,,
88.777,1306.00,,7.961864849,-0.07,15.06329939,119.9319539,,,,,,,,,,,,,,,,,,,,,,,,,,,
88.836995,1306.00,-274.45,7.94,,15.06018116,119.5598099,,,,,,,,,,,,,,,,,,,,,,,,,,,
88.957995,1306.00,,7.95266371,-0.07,15.05855268,119.7556054,,,,,,,,,,,,,,,,,,,,,,,,,,,
89.04,1306.00,-274.19,7.891101204,-0.07,15.05682582,118.8149364,,,,,,,,,,,,,,,,,,,,,,,,,,,
89.10,1306.00,-274.12,7.87,,15.05660366,118.4908835,,,,,,,,,,,,,,,,,,,,,,,,,,,
89.148,1306.00,,7.857436559,,15.05678538,118.3077359,,,,,,,,,,,,,,,,,,,,,,,,,,,
89.23,1306.00,-273.87,7.925231835,-0.07,15.05926957,119.3482026,,,,,,,,,,,,,,,,,,,,,,,,,,,
89.29,1306.00,,7.93,,15.06,119.3698537,,,,,,,,,,,,,,,,,,,,,,,,,,,
89.35,1306.00,,7.921678021,-0.07,15.05994668,119.3000486,,,,,,,,,,,,,,,,,,,,,,,,,,,
89.429,1306.00,-273.74,7.883651672,,15.05571776,118.6940345,,,,,,,,,,,,,,,,,,,,,,,,,,,
89.469,1306.00,,7.91,,15.05415619,119.0243102,,,,,,,,,,,,,,,,,,,,,,,,,,,
89.55,1306.00,-273.59,7.92733825,-0.07,15.05502924,119.3463092,,,,,,,,,,,,,,,,,,,,,,,,,,,
89.61,1306.00,,7.924576976,,15.05565019,119.3096588,,,,,,,,,,,,,,,,,,,,,,,,,,,
89.684995,1306.00,-274.12,7.910281158,-0.07,15.05619403,119.098728,,,,,,,,,,,,,,,,,,,,,,,,,,,
89.751995,1306.00,,7.864550142,,15.05447197,118.3966497,,,,,,,,,,,,,,,,,,,,,,,,,,,
89.826,1311.00,,7.83,-0.07,15.05181187,117.9141856,,,,,,,,,,,,,,,,,,,,,,,,,,,
89.871995,1311.00,-273.68,7.830066193,,15.05178859,117.856501,,,,,,,,,,,,,,,,,,,,,,,,,,,
89.969995,1318.00,,7.992601223,-0.07,15.04275747,120.2307617,,,,,,,,,,,,,,,,,,,,,,,,,,,
90.029995,1321.00,-274.19,8.195310078,,15.03,123.1813996,,,,,,,,,,,,,,,,,,,,,,,,,,,
90.112995,1323.00,,8.38125109,-0.07,15.01812659,125.8706899,,,,,,,,,,,,,,,,,,,,,,,,,,,
90.17,1323.00,-276.63,8.48,,15.01053302,127.2290028,,,,,,,,,,,,,,,,,,,,,,,,,,,
90.257995,1326.00,,8.679178328,-0.07,14.99623757,130.1550201,,,,,,,,,,,,,,,,,,,,,,,,,,,
90.278995,1326.00,-280.61,8.722999143,,14.99485355,130.8000947,,,,,,,,,,,,,,,,,,,,,,,,,,,
90.35,1328.00,,8.8352771,,14.98548468,132.4009097,,,,,,,,,,,,,,,,,,,,,,,,,,,
90.422995,1328.00,,8.977016719,-0.07,14.97590358,134.4389368,,,,,,,,,,,,,,,,,,,,,,,,,,,
90.498995,1328.00,-288.55,9.066554467,,14.96865171,135.7140961,,,,,,,,,,,,,,,,,,,,,,,,,,,
90.573995,1328.00,,9.135474196,-0.08,14.96298187,136.6939347,,,,,,,,,,,,,,,,,,,,,,,,,,,
90.70,1328.00,-294.07,9.105111335,-0.08,14.95943208,136.2072946,,,,,,,,,,,,,,,,,,,,,,,,,,,
90.764995,1328.00,-296.72,9.174269986,,14.95517487,137.2028119,,,,,,,,,,,,,,,,,,,,,,,,,,,
90.817995,1328.00,,9.215975586,,14.95237135,137.8006893,,,,,,,,,,,,,,,,,,,,,,,,,,,
90.895995,1328.00,-300.14,9.195096853,-0.08,14.95281454,137.4925779,,,,,,,,,,,,,,,,,,,,,,,,,,,
90.96,1328.00,,9.154593291,,14.95595494,136.9156847,,,,,,,,,,,,,,,,,,,,,,,,,,,
91.036995,1328.00,-304.66,9.16,-0.08,14.95249695,136.9158843,,,,,,,,,,,,,,,,,,,,,,,,,,,
91.094,1328.00,,9.169089343,,14.95273529,137.1029658,,,,,,,,,,,,,,,,,,,,,,,,,,,
91.18,1328.00,-303.80,9.091508055,-0.08,14.95110872,135.9281254,,,,,,,,,,,,,,,,,,,,,,,,,,,
91.22,1328.00,,9.180986986,,14.95211557,137.2751785,,,,,,,,,,,,,,,,,,,,,,,,,,,
91.305995,1328.00,,9.153397044,-0.08,14.95377313,136.8778228,,,,,,,,,,,,,,,,,,,,,,,,,,,
91.368995,1328.00,-301.56,9.077888693,,14.95647874,135.7732493,,,,,,,,,,,,,,,,,,,,,,,,,,,
91.493995,1328.00,-299.29,9.131057806,-0.08,14.95438694,136.5493716,,,,,,,,,,,,,,,,,,,,,,,,,,,
91.547995,1328.00,,8.97,,14.9548614,134.1389447,,,,,,,,,,,,,,,,,,,,,,,,,,,
91.63,1328.00,-298.14,9.087877598,-0.08,14.95264659,135.887822,,,,,,,,,,,,,,,,,,,,,,,,,,,
91.671995,1328.00,,9.043532585,,14.95138623,135.2133486,,,,,,,,,,,,,,,,,,,,,,,,,,,
91.756995,1328.00,,8.976825885,-0.08,14.94656336,134.1726968,,,,,,,,,,,,,,,,,,,,,,,,,,,
91.779995,1328.00,-298.23,8.999886173,,14.94770624,134.5276547,,,,,,,,,,,,,,,,,,,,,,,,,,,
91.844995,1328.00,,8.920661125,,14.94582615,133.3266503,,,,,,,,,,,,,,,,,,,,,,,,,,,
91.898,1328.00,,9.025302167,-0.08,14.9422516,134.8583358,,,,,,,,,,,,,,,,,,,,,,,,,,,
91.979995,1328.00,-298.52,9.122706209,,14.94009772,136.2941222,,,,,,,,,,,,,,,,,,,,,,,,,,,
92.046995,1328.00,,9.19155649,-0.08,14.94006668,137.3224669,,,,,,,,,,,,,,,,,,,,,,,,,,,
92.108,1328.00,-298.59,9.233005092,,14.94371357,137.9753835,,,,,,,,,,,,,,,,,,,,,,,,,,,
92.237995,1331.00,,9.121141793,-0.08,14.93984506,136.2684452,,,,,,,,,,,,,,,,,,,,,,,,,,,
92.32,1338.00,-299.76,9.193244567,-0.08,14.93807882,137.329412,,,,,,,,,,,,,,,,,,,,,,,,,,,
92.373995,1343.00,,9.215582713,,14.93968789,137.6779295,,,,,,,,,,,,,,,,,,,,,,,,,,,
92.461995,1343.00,-301.61,9.41,-0.08,14.91889158,140.3126838,,,,,,,,,,,,,,,,,,,,,,,,,,,
92.515995,1343.00,,9.643859158,,14.90668152,143.7579371,,,,,,,,,,,,,,,,,,,,,,,,,,,
92.61,1343.00,-302.56,9.960214072,-0.08,14.88948409,148.302449,,,,,,,,,,,,,,,,,,,,,,,,,,,
92.639,1346.00,,9.99,,14.88259162,148.7241875,,,,,,,,,,,,,,,,,,,,,,,,,,,
92.71,1346.00,-310.69,10.03802303,,14.87675114,149.3331705,,,,,,,,,,,,,,,,,,,,,,,,,,,
92.73,1346.00,,10.07833325,,14.87740405,149.9394359,,,,,,,,,,,,,,,,,,,,,,,,,,,
92.8,1346.00,,10.23861174,-0.08,14.87221635,152.2708489,,,,,,,,,,,,,,,,,,,,,,,,,,,
92.86,1346.00,-317.97,10.30910572,,14.8629062,153.2232713,,,,,,,,,,,,,,,,,,,,,,,,,,,
92.94,1346.00,,10.36583988,-0.08,14.85906649,154.0267041,,,,,,,,,,,,,,,,,,,,,,,,,,,
93.027995,1346.00,-321.50,10.33739612,,14.85579044,153.5701905,,,,,,,,,,,,,,,,,,,,,,,,,,,
93.103,1346.00,,10.24090686,-0.08,14.85687081,152.1478302,,,,,,,,,,,,,,,,,,,,,,,,,,,
93.18,1346.00,-325.61,10.23644798,,14.86247187,152.1389201,,,,,,,,,,,,,,,,,,,,,,,,,,,
93.24,1346.00,,10.30669227,-0.08,14.86342868,153.1927855,,,,,,,,,,,,,,,,,,,,,,,,,,,
93.32,1346.00,-327.18,10.18861125,,14.86255563,151.4288014,,,,,,,,,,,,,,,,,,,,,,,,,,,
93.375995,1346.00,,10.26558874,,14.84981468,152.4420904,,,,,,,,,,,,,,,,,,,,,,,,,,,
93.46,1346.00,-327.85,10.26184989,-0.08,14.85370104,152.4264504,,,,,,,,,,,,,,,,,,,,,,,,,,,
93.501995,1346.00,,10.35261929,,14.85479392,153.7860261,,,,,,,,,,,,,,,,,,,,,,,,,,,
93.586995,1346.00,-327.23,10.28506657,-0.08,14.85570695,152.79,,,,,,,,,,,,,,,,,,,,,,,,,,,
93.693995,1346.00,,10.36270948,-0.08,14.8598985,153.9888111,,,,,,,,,,,,,,,,,,,,,,,,,,,
93.759995,1346.00,-324.94,10.28349116,,14.85573219,152.7687907,,,,,,,,,,,,,,,,,,,,,,,,,,,
93.83,1346.00,,10.39607625,-0.08,14.86221752,154.51,,,,,,,,,,,,,,,,,,,,,,,,,,,
93.881995,1346.00,,10.47661961,,14.86536593,155.7387842,,,,,,,,,,,,,,,,,,,,,,,,,,,
93.965,1346.00,-324.97,10.45175355,-0.08,14.8574657,155.2865698,,,,,,,,,,,,,,,,,,,,,,,,,,,
94.02,1346.00,,10.44683415,,14.85,155.1231454,,,,,,,,,,,,,,,,,,,,,,,,,,,
94.099,1346.00,-324.98,10.35426846,-0.08,14.84900104,153.7505432,,,,,,,,,,,,,,,,,,,,,,,,,,,
94.152,1346.00,,10.44454863,,14.84940239,155.0953054,,,,,,,,,,,,,,,,,,,,,,,,,,,
94.228,1346.00,-329.26,10.40955694,,14.84434289,154.5230326,,,,,,,,,,,,,,,,,,,,,,,,,,,
94.28,1348.00,,10.41708007,-0.08,14.84065228,154.596263,,,,,,,,,,,,,,,,,,,,,,,,,,,
94.37,1351.00,-331.26,10.34434585,,14.83682956,153.4772963,,,,,,,,,,,,,,,,,,,,,,,,,,,
94.43,1353.00,,10.20463019,,14.8359235,151.3951128,,,,,,,,,,,,,,,,,,,,,,,,,,,
94.564995,1358.00,-331.39,10.62019635,-0.08,14.83388654,157.5387877,,,,,,,,,,,,,,,,,,,,,,,,,,,
94.654995,1361.00,-331.42,10.80908721,-0.08,14.81675296,160.1555749,,,,,,,,,,,,,,,,,,,,,,,,,,,
94.70,1361.00,,10.97477944,,14.80196015,162.448248,,,,,,,,,,,,,,,,,,,,,,,,,,,
94.79,1366.00,-331.53,11.24509037,-0.08,14.7850943,166.2597215,,,,,,,,,,,,,,,,,,,,,,,,,,,
94.87,1371.00,,11.34493764,-0.08,14.76921288,167.5557991,,,,,,,,,,,,,,,,,,,,,,,,,,,
94.925995,1371.00,,11.57350378,,14.75476083,170.7642802,,,,,,,,,,,,,,,,,,,,,,,,,,,
95.010995,1371.00,-351.06,11.80656785,-0.08,14.72921421,173.901467,,,,,,,,,,,,,,,,,,,,,,,,,,,
95.073995,1371.00,,11.87592505,,14.71410081,174.7435584,,,,,,,,,,,,,,,,,,,,,,,,,,,
95.127995,1371.00,-356.10,12.0523997,,14.71068046,177.2990008,,,,,,,,,,,,,,,,,,,,,,,,,,,
95.21,1371.00,,12.057627,-0.09,14.70023911,177.25,,,,,,,,,,,,,,,,,,,,,,,,,,,
95.270995,1371.00,-366.17,12.24017138,,14.69397456,179.8567669,,,,,,,,,,,,,,,,,,,,,,,,,,,
95.402995,1371.00,,12.34325146,-0.09,14.69711523,181.4101889,,,,,,,,,,,,,,,,,,,,,,,,,,,
95.475995,1371.00,-372.73,12.37245183,-0.09,14.69284365,181.7865004,,,,,,,,,,,,,,,,,,,,,,,,,,,
95.527,1371.00,,12.24272803,,14.68683991,179.8069866,,,,,,,,,,,,,,,,,,,,,,,,,,,
95.61,1371.00,-373.98,12.33326352,-0.09,14.68629654,181.1299654,,,,,,,,,,,,,,,,,,,,,,,,,,,
95.672995,1371.00,,12.35744151,,14.68281905,181.4420777,,,,,,,,,,,,,,,,,,,,,,,,,,,
95.72,1371.00,-376.70,12.40354177,,14.6822592,182.1120153,,,,,,,,,,,,,,,,,,,,,,,,,,,
95.801995,1371.00,,12.41164494,-0.09,14.68657755,182.284586,,,,,,,,,,,,,,,,,,,,,,,,,,,
95.858,1371.00,-375.79,12.32683158,,14.68091121,180.9691198,,,,,,,,,,,,,,,,,,,,,,,,,,,
95.938,1371.00,,12.24714468,-0.09,14.68070616,179.7967323,,,,,,,,,,,,,,,,,,,,,,,,,,,
95.996995,1371.00,,12.25968327,,14.67946931,179.9656443,,,,,,,,,,,,,,,,,,,,,,,,,,,
96.076,1371.00,-374.59,12.27271629,-0.09,14.67928229,180.1546668,,,,,,,,,,,,,,,,,,,,,,,,,,,
96.132995,1371.00,,12.3938837,,14.67374908,181.8647396,,,,,,,,,,,,,,,,,,,,,,,,,,,
96.256995,1371.00,-374.26,12.32396403,-0.09,14.67720136,180.8813017,,,,,,,,,,,,,,,,,,,,,,,,,,,
96.332995,1371.00,-374.18,12.30541132,,14.67673883,180.6033082,,,,,,,,,,,,,,,,,,,,,,,,,,,
96.402995,1371.00,,12.29560443,-0.09,14.67914145,180.4889167,,,,,,,,,,,,,,,,,,,,,,,,,,,
96.46,1371.00,-372.94,12.64674172,,14.66511473,185.4659184,,,,,,,,,,,,,,,,,,,,,,,,,,,
96.536995,1371.00,,12.37745544,-0.09,14.66807526,181.5534479,,,,,,,,,,,,,,,,,,,,,,,,,,,
96.556995,1371.00,,12.37687943,,14.6754006,181.6356639,,,,,,,,,,,,,,,,,,,,,,,,,,,
96.621995,1371.00,-371.61,12.35498852,,14.68108536,181.384641,,,,,,,,,,,,,,,,,,,,,,,,,,,
96.680995,1371.00,,12.29636708,-0.09,14.67882282,180.4961937,,,,,,,,,,,,,,,,,,,,,,,,,,,
96.778995,1376.00,-371.72,12.369795,,14.6762031,181.5416237,,,,,,,,,,,,,,,,,,,,,,,,,,,
96.841995,1386.00,,12.34390803,-0.09,14.67788999,181.1825241,,,,,,,,,,,,,,,,,,,,,,,,,,,
96.94,1394.00,-374.41,12.43869898,,14.66589067,182.4245993,,,,,,,,,,,,,,,,,,,,,,,,,,,
97.015995,1400.00,,12.90487219,-0.09,14.63743662,188.8942488,,,,,,,,,,,,,,,,,,,,,,,,,,,
97.076,1400.00,-377.96,13.29801481,,14.61047638,194.2903314,,,,,,,,,,,,,,,,,,,,,,,,,,,
97.201995,1400.00,,14.0533301,-0.09,14.55651312,204.57,,,,,,,,,,,,,,,,,,,,,,,,,,,
97.273995,1400.00,-388.03,14.29346927,-0.09,14.53983777,207.8247242,,,,,,,,,,,,,,,,,,,,,,,,,,,
97.326995,1400.00,,14.40218805,,14.53082171,209.2756268,,,,,,,,,,,,,,,,,,,,,,,,,,,
97.412995,1400.00,-405.00,14.58486951,-0.09,14.51527008,211.70332,,,,,,,,,,,,,,,,,,,,,,,,,,,
97.475995,1400.00,,14.67513917,,14.50977994,212.9330399,,,,,,,,,,,,,,,,,,,,,,,,,,,
97.550995,1400.00,-414.66,14.69011969,-0.09,14.50619004,213.097668,,,,,,,,,,,,,,,,,,,,,,,,,,,
97.604995,1400.00,,14.67540462,,14.50439899,212.8579239,,,,,,,,,,,,,,,,,,,,,,,,,,,
97.692995,1400.00,-418.84,14.66362707,-0.09,14.50411558,212.6829418,,,,,,,,,,,,,,,,,,,,,,,,,,,
97.746995,1400.00,,14.64806721,,14.50436806,212.4609582,,,,,,,,,,,,,,,,,,,,,,,,,,,
97.835,1400.00,-419.59,14.64917612,,14.5035689,212.4653352,,,,,,,,,,,,,,,,,,,,,,,,,,,
97.899995,1400.00,,14.63057174,-0.09,14.50450736,212.2092355,,,,,,,,,,,,,,,,,,,,,,,,,,,
98.00,1400.00,-419.55,14.60132977,,14.50387812,211.7759075,,,,,,,,,,,,,,,,,,,,,,,,,,,
98.07,1400.00,-418.57,14.5822754,-0.09,14.50368407,211.4967154,,,,,,,,,,,,,,,,,,,,,,,,,,,
98.13,1400.00,,14.72514641,,14.49335823,213.416822,,,,,,,,,,,,,,,,,,,,,,,,,,,
436.782,1072.00,,0.09,,15.68570974,1.414532767,,,,,,,,,,,,,,,,,,,,,,,,,,,
436.87,1082.00,5.94909872,0.210748736,-0.03,15.6756741,3.30,,,,,,,,,,,,,,,,,,,,,,,,,,,
436.951995,1087.00,,0.30321932,,15.6684284,4.75097021,,,,,,,,,,,,,,,,,,,,,,,,,,,
437.036,1087.00,6.83444502,0.406408326,-0.04,15.66011531,6.364401241,,,,,,,,,,,,,,,,,,,,,,,,,,,
437.056995,1087.00,,0.419293151,,15.65868183,6.565578044,,,,,,,,,,,,,,,,,,,,,,,,,,,
437.112,1089.00,3.415760011,0.48321032,,15.65493568,7.56,,,,,,,,,,,,,,,,,,,,,,,,,,,
437.194995,1094.00,,0.537277321,-0.04,15.65095503,8.408903191,,,,,,,,,,,,,,,,,,,,,,,,,,,
437.247995,1097.00,,0.559114851,,15.64916111,8.749678376,,,,,,,,,,,,,,,,,,,,,,,,,,,
437.331995,1099.00,-10.13,0.617657042,-0.04,15.64478437,9.66,,,,,,,,,,,,,,,,,,,,,,,,,,,
437.385995,1099.00,,0.656251956,,15.64176295,10.26493753,,,,,,,,,,,,,,,,,,,,,,,,,,,
437.469,1099.00,-20.36,0.699083503,-0.04,15.63841229,10.93255604,,,,,,,,,,,,,,,,,,,,,,,,,,,
437.523,1099.00,,0.716905495,,15.63791977,11.21091061,,,,,,,,,,,,,,,,,,,,,,,,,,,
437.600995,1099.00,-26.90,0.738289455,-0.04,15.63572895,11.5436938,,,,,,,,,,,,,,,,,,,,,,,,,,,
437.66,1099.00,,0.744437783,,15.63441731,11.63885096,,,,,,,,,,,,,,,,,,,,,,,,,,,
437.739995,1099.00,-31.52,0.751792369,,15.63362124,11.75323715,,,,,,,,,,,,,,,,,,,,,,,,,,,
437.849995,1099.00,,0.754184147,-0.04,15.63181142,11.78926436,,,,,,,,,,,,,,,,,,,,,,,,,,,
437.911995,1099.00,-34.69,0.757724825,-0.04,15.63199173,11.8447482,,,,,,,,,,,,,,,,,,,,,,,,,,,
437.99,1099.00,-35.41,0.755920415,,15.63250288,11.81692807,,,,,,,,,,,,,,,,,,,,,,,,,,,
438.01,1099.00,,0.756519894,,15.63225062,11.82610859,,,,,,,,,,,,,,,,,,,,,,,,,,,
438.067995,1099.00,,0.760419254,-0.04,15.63230761,11.88710769,,,,,,,,,,,,,,,,,,,,,,,,,,,
438.149995,1099.00,-35.87,0.762997424,,15.6315777,11.92685352,,,,,,,,,,,,,,,,,,,,,,,,,,,
438.192995,1099.00,,0.755734748,,15.63073531,11.81268982,,,,,,,,,,,,,,,,,,,,,,,,,,,
438.277,1099.00,-36.03,0.75997911,-0.04,15.63084659,11.87911688,,,,,,,,,,,,,,,,,,,,,,,,,,,
438.327995,1099.00,,0.759150454,,15.63098819,11.86627178,,,,,,,,,,,,,,,,,,,,,,,,,,,
438.402,1099.00,,0.76,-0.04,15.63062517,11.89788825,,,,,,,,,,,,,,,,,,,,,,,,,,,
438.448995,1099.00,-35.80,0.756563727,,15.63023494,11.8252688,,,,,,,,,,,,,,,,,,,,,,,,,,,
438.53,1099.00,,0.766849714,-0.04,15.63087187,11.98652963,,,,,,,,,,,,,,,,,,,,,,,,,,,
438.578995,1099.00,,0.77,,15.63025854,12.02349376,,,,,,,,,,,,,,,,,,,,,,,,,,,
438.663995,1099.00,-37.20,0.769022851,-0.04,15.63087038,12.0204965,,,,,,,,,,,,,,,,,,,,,,,,,,,
438.730995,1099.00,,0.759629421,,15.63056192,11.8734347,,,,,,,,,,,,,,,,,,,,,,,,,,,
438.80,1099.00,-38.39,0.762789236,,15.63087446,11.92306279,,,,,,,,,,,,,,,,,,,,,,,,,,,
438.85,1099.00,,0.758723234,-0.04,15.63084882,11.85948816,,,,,,,,,,,,,,,,,,,,,,,,,,,
438.930995,1099.00,-38.90,0.759510253,,15.63043997,11.87147942,,,,,,,,,,,,,,,,,,,,,,,,,,,
438.974995,1104.00,,0.762643403,-0.04,15.6298771,11.92002266,,,,,,,,,,,,,,,,,,,,,,,,,,,
439.072995,1117.00,-38.05,0.763628672,,15.63024021,11.93569958,,,,,,,,,,,,,,,,,,,,,,,,,,,
439.141995,1122.00,,0.78,-0.04,15.62895541,12.188458,,,,,,,,,,,,,,,,,,,,,,,,,,,
439.17,1125.00,-37.75,0.799528757,,15.62784439,12.49491099,,,,,,,,,,,,,,,,,,,,,,,,,,,
439.24,1132.00,,0.895533978,,15.62039315,13.98859282,,,,,,,,,,,,,,,,,,,,,,,,,,,
439.301995,1137.00,,0.965846397,-0.04,15.61551084,15.08218488,,,,,,,,,,,,,,,,,,,,,,,,,,,
439.385995,1145.00,-38.98,1.074760026,,15.60723309,16.77403025,,,,,,,,,,,,,,,,,,,,,,,,,,,
439.411,1145.00,,1.098145311,-0.04,15.6056346,17.13725446,,,,,,,,,,,,,,,,,,,,,,,,,,,
439.478,1145.00,-44.28,1.209364209,,15.59609981,18.86136491,,,,,,,,,,,,,,,,,,,,,,,,,,,
439.532,1147.00,,1.293870868,,15.58901092,20.17016709,,,,,,,,,,,,,,,,,,,,,,,,,,,
439.630995,1152.00,-52.11,1.385390987,-0.04,15.58159874,21.58660647,,,,,,,,,,,,,,,,,,,,,,,,,,,
439.733995,1155.00,,1.460311753,,15.57503233,22.74440277,,,,,,,,,,,,,,,,,,,,,,,,,,,
439.819995,1155.00,-64.19,1.537932062,-0.04,15.56857193,23.94340592,,,,,,,,,,,,,,,,,,,,,,,,,,,
439.942995,1160.00,-70.57,1.637547885,-0.04,15.55989335,25.48007045,,,,,,,,,,,,,,,,,,,,,,,,,,,
440.001995,1160.00,,1.670216838,,15.55760644,25.98457625,,,,,,,,,,,,,,,,,,,,,,,,,,,
440.076995,1160.00,-75.33,1.742338692,-0.05,15.551617,27.09618403,,,,,,,,,,,,,,,,,,,,,,,,,,,
440.123995,1160.00,,1.776149762,,15.54724259,27.61423123,,,,,,,,,,,,,,,,,,,,,,,,,,,
440.206,1160.00,,1.812498304,-0.05,15.54414515,28.17373672,,,,,,,,,,,,,,,,,,,,,,,,,,,
440.259995,1160.00,-82.16,1.832110873,,15.54346058,28.47734314,,,,,,,,,,,,,,,,,,,,,,,,,,,
440.336995,1160.00,,1.844652135,-0.05,15.54245599,28.67042463,,,,,,,,,,,,,,,,,,,,,,,,,,,
440.36,1160.00,,1.847161487,,15.54202945,28.70863824,,,,,,,,,,,,,,,,,,,,,,,,,,,
440.42,1160.00,-84.81,1.85421571,,15.54109413,28.81654089,,,,,,,,,,,,,,,,,,,,,,,,,,,
440.474995,1160.00,,1.869297665,-0.05,15.54047999,29.04978296,,,,,,,,,,,,,,,,,,,,,,,,,,,
440.596995,1160.00,-87.33,1.8700285,,15.539619,29.05953042,,,,,,,,,,,,,,,,,,,,,,,,,,,
440.666,1160.00,,1.868921543,-0.05,15.53968388,29.04244998,,,,,,,,,,,,,,,,,,,,,,,,,,,
440.730995,1160.00,-88.18,1.87,,15.53868795,28.99399829,,,,,,,,,,,,,,,,,,,,,,,,,,,
440.78,1160.00,,1.866344144,-0.05,15.53861566,29.00040434,,,,,,,,,,,,,,,,,,,,,,,,,,,
440.855995,1160.00,-87.60,1.88,,15.53802894,29.13898795,,,,,,,,,,,,,,,,,,,,,,,,,,,
440.91,1160.00,,1.872513775,,15.53774901,29.09464905,,,,,,,,,,,,,,,,,,,,,,,,,,,
440.987,1160.00,-87.23,1.87,-0.05,15.53683416,29.11061377,,,,,,,,,,,,,,,,,,,,,,,,,,,
441.051995,1160.00,,1.87142374,-0.05,15.53745167,29.07715592,,,,,,,,,,,,,,,,,,,,,,,,,,,
441.099995,1160.00,,1.863630614,,15.53801768,28.95712543,,,,,,,,,,,,,,,,,,,,,,,,,,,
441.180995,1160.00,-85.22,1.863212214,,15.53785924,28.95032912,,,,,,,,,,,,,,,,,,,,,,,,,,,
441.237995,1160.00,,1.871566482,-0.05,15.53777768,29.07998392,,,,,,,,,,,,,,,,,,,,,,,,,,,
441.358995,1160.00,-85.65,1.86576711,,15.53798313,28.99,,,,,,,,,,,,,,,,,,,,,,,,,,,
441.425,1160.00,-85.73,1.867957162,-0.05,15.53736243,29.02312743,,,,,,,,,,,,,,,,,,,,,,,,,,,
441.471995,1160.00,,1.866372291,,15.53760952,28.99896386,,,,,,,,,,,,,,,,,,,,,,,,,,,
441.558995,1160.00,,1.869137217,-0.05,15.53684441,29.04049413,,,,,,,,,,,,,,,,,,,,,,,,,,,
441.623995,1160.00,-87.18,1.872513991,,15.53644569,29.09221193,,,,,,,,,,,,,,,,,,,,,,,,,,,
441.675,1160.00,,1.870428241,-0.05,15.53570768,29.05842639,,,,,,,,,,,,,,,,,,,,,,,,,,,
441.750995,1160.00,-87.55,1.868236548,,15.53531141,29.02363655,,,,,,,,,,,,,,,,,,,,,,,,,,,
441.81,1160.00,,1.861146604,,15.53518631,28.91325925,,,,,,,,,,,,,,,,,,,,,,,,,,,
441.88,1160.00,-88.62,1.86114273,-0.05,15.53570087,28.91415673,,,,,,,,,,,,,,,,,,,,,,,,,,,
441.926995,1160.00,,1.862845117,,15.53553272,28.94029127,,,,,,,,,,,,,,,,,,,,,,,,,,,
442.01,1160.00,-88.10,1.873615177,-0.05,15.53424551,29.10519816,,,,,,,,,,,,,,,,,,,,,,,,,,,
442.068995,1160.00,,1.869770629,,15.53342918,29.04394965,,,,,,,,,,,,,,,,,,,,,,,,,,,
442.172995,1160.00,,1.86335066,-0.05,15.53358587,28.94451749,,,,,,,,,,,,,,,,,,,,,,,,,,,
442.255995,1160.00,-89.13,1.867834262,-0.05,15.53348455,29.01397464,,,,,,,,,,,,,,,,,,,,,,,,,,,
442.304995,1160.00,,1.868509797,,15.53256726,29.02275409,,,,,,,,,,,,,,,,,,,,,,,,,,,
442.380995,1160.00,-88.36,1.869092264,,15.53186533,29.03048934,,,,,,,,,,,,,,,,,,,,,,,,,,,
442.44,1160.00,,1.865286167,-0.05,15.53279941,28.97311588,,,,,,,,,,,,,,,,,,,,,,,,,,,
442.509995,1160.00,-87.83,1.866827324,,15.53232916,28.99617648,,,,,,,,,,,,,,,,,,,,,,,,,,,
442.54,1160.00,,1.863651147,,15.53215796,28.94652399,,,,,,,,,,,,,,,,,,,,,,,,,,,
442.60,1160.00,,1.871504701,-0.05,15.53216402,29.06851798,,,,,,,,,,,,,,,,,,,,,,,,,,,
442.649995,1160.00,-87.55,1.870899061,,15.5311355,29.05718682,,,,,,,,,,,,,,,,,,,,,,,,,,,
442.728995,1160.00,,1.869880917,-0.05,15.53127508,29.04163488,,,,,,,,,,,,,,,,,,,,,,,,,,,
442.782,1160.00,-87.44,1.8603229,,15.53228719,28.89506954,,,,,,,,,,,,,,,,,,,,,,,,,,,
442.862,1160.00,,1.86194211,-0.05,15.53225397,28.92015774,,,,,,,,,,,,,,,,,,,,,,,,,,,
442.89,1160.00,,1.864430742,,15.53260799,28.95947185,,,,,,,,,,,,,,,,,,,,,,,,,,,
442.951,1160.00,-86.84,1.863313017,,15.53142618,28.93990857,,,,,,,,,,,,,,,,,,,,,,,,,,,
443.054,1160.00,,1.864065596,,15.53222943,28.95309451,,,,,,,,,,,,,,,,,,,,,,,,,,,
443.13,1160.00,-86.61,1.866560995,-0.05,15.53,28.99070219,,,,,,,,,,,,,,,,,,,,,,,,,,,
443.193995,1160.00,,1.867292459,,15.53097939,29.00088071,,,,,,,,,,,,,,,,,,,,,,,,,,,
443.246,1160.00,-86.51,1.87,,15.53063959,28.99093557,,,,,,,,,,,,,,,,,,,,,,,,,,,
443.317995,1160.00,,1.863517875,-0.05,15.53,28.94103661,,,,,,,,,,,,,,,,,,,,,,,,,,,
443.368995,1160.00,,1.872971487,,15.52981247,29.09,,,,,,,,,,,,,,,,,,,,,,,,,,,
443.451,1160.00,-88.17,1.874280077,-0.05,15.52899847,29.10569246,,,,,,,,,,,,,,,,,,,,,,,,,,,
443.500995,1160.00,,1.866556618,,15.52933624,28.98638533,,,,,,,,,,,,,,,,,,,,,,,,,,,
443.577995,1160.00,-87.92,1.869034372,,15.52879449,29.02385064,,,,,,,,,,,,,,,,,,,,,,,,,,,
443.63,1160.00,,1.865166413,-0.05,15.52830219,28.9628677,,,,,,,,,,,,,,,,,,,,,,,,,,,
443.71,1172.00,-88.49,1.867183729,,15.52779731,28.99325049,,,,,,,,,,,,,,,,,,,,,,,,,,,
443.786,1182.00,,1.869149955,-0.05,15.52833265,29.02478228,,,,,,,,,,,,,,,,,,,,,,,,,,,
443.855995,1192.00,-88.85,2.010934743,,15.51895268,31.20760113,,,,,,,,,,,,,,,,,,,,,,,,,,,
443.91,1195.00,,2.155985072,,15.5103741,33.44013502,,,,,,,,,,,,,,,,,,,,,,,,,,,
444.005995,1203.00,-89.12,2.544798106,-0.05,15.48213447,39.39890648,,,,,,,,,,,,,,,,,,,,,,,,,,,
444.112,1208.00,,2.771826056,,15.46516312,42.86674209,,,,,,,,,,,,,,,,,,,,,,,,,,,
444.198995,1213.00,-105.89,3.01724949,-0.05,15.4463026,46.60534866,,,,,,,,,,,,,,,,,,,,,,,,,,,
444.257995,1218.00,,3.134642553,,15.43755538,48.39121799,,,,,,,,,,,,,,,,,,,,,,,,,,,
444.34,1218.00,-119.75,3.348415632,-0.05,15.42253701,51.64106401,,,,,,,,,,,,,,,,,,,,,,,,,,,
444.395995,1218.00,,3.481231188,,15.41209366,53.6530611,,,,,,,,,,,,,,,,,,,,,,,,,,,
444.475995,1218.00,-132.19,3.636223722,,15.3986332,55.99287535,,,,,,,,,,,,,,,,,,,,,,,,,,,
444.527,1218.00,,3.67,-0.05,15.39424149,56.55,,,,,,,,,,,,,,,,,,,,,,,,,,,
444.605995,1218.00,-143.03,3.726876685,,15.39,57.36,,,,,,,,,,,,,,,,,,,,,,,,,,,
444.662995,1218.00,,3.74835527,,15.38659584,57.67442758,,,,,,,,,,,,,,,,,,,,,,,,,,,
444.738995,1218.00,-149.10,3.777066897,-0.06,15.3846392,58.10881142,,,,,,,,,,,,,,,,,,,,,,,,,,,
444.804995,1218.00,,3.793809824,,15.38363704,58.36259335,,,,,,,,,,,,,,,,,,,,,,,,,,,
444.87,1218.00,-151.72,3.801264199,-0.06,15.38201798,58.47111426,,,,,,,,,,,,,,,,,,,,,,,,,,,
444.92,1218.00,,3.815142833,,15.38016587,58.67752961,,,,,,,,,,,,,,,,,,,,,,,,,,,
445.00,1218.00,,3.821747783,-0.06,15.37877959,58.77381679,,,,,,,,,,,,,,,,,,,,,,,,,,,
445.059995,1218.00,-153.59,3.827056404,,15.37802816,58.85258117,,,,,,,,,,,,,,,,,,,,,,,,,,,
445.136995,1218.00,,3.828102006,-0.06,15.37778078,58.86771343,,,,,,,,,,,,,,,,,,,,,,,,,,,
445.161,1218.00,-153.25,3.823455629,,15.37800257,58.79711051,,,,,,,,,,,,,,,,,,,,,,,,,,,
445.23,1218.00,,3.829983877,,15.37603361,58.88996084,,,,,,,,,,,,,,,,,,,,,,,,,,,
445.274995,1218.00,,3.83482486,-0.06,15.37612863,58.96476032,,,,,,,,,,,,,,,,,,,,,,,,,,,
445.35,1218.00,-154.11,3.823238139,,15.37568242,58.78489545,,,,,,,,,,,,,,,,,,,,,,,,,,,
445.403995,1218.00,,3.828853323,,15.37639452,58.87395924,,,,,,,,,,,,,,,,,,,,,,,,,,,
445.483995,1218.00,-154.96,3.822325658,-0.06,15.37597612,58.77,,,,,,,,,,,,,,,,,,,,,,,,,,,
445.596995,1218.00,,3.833977873,-0.06,15.3760815,58.95155623,,,,,,,,,,,,,,,,,,,,,,,,,,,
445.679,1218.00,-156.61,3.835528603,,15.37476095,58.97033538,,,,,,,,,,,,,,,,,,,,,,,,,,,
445.730995,1218.00,,3.829603487,-0.06,15.37419136,58.87705684,,,,,,,,,,,,,,,,,,,,,,,,,,,
445.805995,1218.00,-156.10,3.834577019,,15.37425294,58.953757,,,,,,,,,,,,,,,,,,,,,,,,,,,
445.86,1218.00,,3.827541866,,15.3728215,58.84011788,,,,,,,,,,,,,,,,,,,,,,,,,,,
445.935995,1218.00,-156.83,3.828333019,-0.06,15.37236521,58.8505333,,,,,,,,,,,,,,,,,,,,,,,,,,,
445.960995,1218.00,,3.832494643,,15.37207334,58.91338872,,,,,,,,,,,,,,,,,,,,,,,,,,,
446.02,1218.00,,3.820025612,-0.06,15.3710381,58.71775924,,,,,,,,,,,,,,,,,,,,,,,,,,,
446.072995,1218.00,,3.834982281,,15.37130414,58.94867901,,,,,,,,,,,,,,,,,,,,,,,,,,,
446.149995,1218.00,-155.25,3.832996639,-0.06,15.37070806,58.91587233,,,,,,,,,,,,,,,,,,,,,,,,,,,
446.201,1218.00,,3.828615293,,15.37066021,58.84834475,,,,,,,,,,,,,,,,,,,,,,,,,,,
446.28,1218.00,-156.61,3.825505297,,15.37059982,58.80031103,,,,,,,,,,,,,,,,,,,,,,,,,,,
446.372995,1218.00,,3.810537199,-0.06,15.37193602,58.57533401,,,,,,,,,,,,,,,,,,,,,,,,,,,
446.45,1218.00,-153.99,3.813998623,-0.06,15.37107416,58.6252557,,,,,,,,,,,,,,,,,,,,,,,,,,,
446.469995,1218.00,,3.813019387,,15.37056394,58.60825829,,,,,,,,,,,,,,,,,,,,,,,,,,,
446.536995,1218.00,-154.72,3.819041324,,15.36978195,58.69783239,,,,,,,,,,,,,,,,,,,,,,,,,,,
446.612995,1218.00,,3.82,-0.06,15.36962821,58.72274705,,,,,,,,,,,,,,,,,,,,,,,,,,,
446.667995,1218.00,,3.833098663,,15.36870852,58.90977606,,,,,,,,,,,,,,,,,,,,,,,,,,,
446.746,1218.00,-154.69,3.84,-0.06,15.36691203,58.96601378,,,,,,,,,,,,,,,,,,,,,,,,,,,
446.796995,1218.00,,3.82888151,,15.36670403,58.83728894,,,,,,,,,,,,,,,,,,,,,,,,,,,
446.88,1218.00,-154.69,3.83437713,,15.36608575,58.91936777,,,,,,,,,,,,,,,,,,,,,,,,,,,
446.944995,1218.00,,3.823539873,-0.06,15.36648384,58.75436365,,,,,,,,,,,,,,,,,,,,,,,,,,,
447.05,1218.00,-154.46,3.816507919,,15.36625264,58.6454249,,,,,,,,,,,,,,,,,,,,,,,,,,,
447.131995,1218.00,-154.41,3.824321996,-0.06,15.36554002,58.76277269,,,,,,,,,,,,,,,,,,,,,,,,,,,
447.188995,1218.00,,3.822067577,,15.36514515,58.72662311,,,,,,,,,,,,,,,,,,,,,,,,,,,
447.26,1218.00,-155.63,3.845199339,-0.06,15.36295251,59.07361483,,,,,,,,,,,,,,,,,,,,,,,,,,,
447.286995,1218.00,,3.844365613,,15.36308185,59.0613036,,,,,,,,,,,,,,,,,,,,,,,,,,,
447.349,1218.00,,3.836440992,-0.06,15.36356763,58.94142064,,,,,,,,,,,,,,,,,,,,,,,,,,,
447.398995,1218.00,,3.825778614,,15.36499235,58.78305914,,,,,,,,,,,,,,,,,,,,,,,,,,,
447.479995,1228.00,-156.33,3.827196101,,15.36457633,58.80324662,,,,,,,,,,,,,,,,,,,,,,,,,,,
447.545,1238.00,,3.815124792,-0.06,15.36386275,58.62,,,,,,,,,,,,,,,,,,,,,,,,,,,
447.632995,1248.00,-156.51,4.009897287,,15.35042152,61.55361359,,,,,,,,,,,,,,,,,,,,,,,,,,,
447.759995,1253.00,-157.35,4.362997945,-0.06,15.32446575,66.86061258,,,,,,,,,,,,,,,,,,,,,,,,,,,
447.84,1255.00,,4.632808925,-0.06,15.30490562,70.90470334,,,,,,,,,,,,,,,,,,,,,,,,,,,
447.91,1258.00,-168.25,4.85470037,,15.28730532,74.22,,,,,,,,,,,,,,,,,,,,,,,,,,,
447.956995,1265.00,,4.954887156,,15.2790308,75.70587346,,,,,,,,,,,,,,,,,,,,,,,,,,, limit=12)
448.045,1270.00,-180.81,5.157256267,-0.06,15.26233171,78.71,,,,,,,,,,,,,,,,,,,,,,,,,,,
448.108995,1270.00,,5.369600628,-0.06,15.24619668,81.86598727,,,,,,,,,,,,,,,,,,,,,,,,,,,
448.13,1273.00,,5.441094736,,15.24035648,82.92,,,,,,,,,,,,,,,,,,,,,,,,,,,
448.197995,1275.00,-193.42,5.63,,15.2263736,85.69077712,,,,,,,,,,,,,,,,,,,,,,,,,,,
448.256995,1281.00,,5.786059038,,15.21527982,88.03650734,,,,,,,,,,,,,,,,,,,,,,,,,,,
448.337995,1283.00,-203.20,5.965932103,-0.06,15.2009713,90.68796265,,,,,,,,,,,,,,,,,,,,,,,,,,,
448.362,1283.00,,5.998563164,,15.19764106,91.16,,,,,,,,,,,,,,,,,,,,,,,,,,,
448.425,1283.00,,6.226901532,-0.07,15.18121944,94.53195856,,,,,,,,,,,,,,,,,,,,,,,,,,,
448.484995,1283.00,-217.08,6.339193444,,15.17116322,96.17293845,,,,,,,,,,,,,,,,,,,,,,,,,,,
448.609995,1283.00,,6.487772493,-0.07,15.16019328,98.36,,,,,,,,,,,,,,,,,,,,,,,,,,,
448.675,1283.00,-228.69,6.52287467,,15.15598678,98.86060227,,,,,,,,,,,,,,,,,,,,,,,,,,,
448.719,1283.00,,6.536398475,-0.07,15.15299588,99.04601915,,,,,,,,,,,,,,,,,,,,,,,,,,,
448.818995,1283.00,-233.20,6.565920358,,15.15008806,99.47427164,,,,,,,,,,,,,,,,,,,,,,,,,,,
448.875995,1283.00,,6.578286732,-0.07,15.14874225,99.65277017,,,,,,,,,,,,,,,,,,,,,,,,,,,
448.951,1283.00,-235.11,6.586196484,,15.14629965,99.75650547,,,,,,,,,,,,,,,,,,,,,,,,,,,
449.00,1283.00,,6.587602454,,15.14569459,99.77,,,,,,,,,,,,,,,,,,,,,,,,,,,
449.081995,1283.00,-235.81,6.590983848,-0.07,15.14413575,99.81475411,,,,,,,,,,,,,,,,,,,,,,,,,,,
449.130995,1283.00,,6.60,,15.14328117,100.0131723,,,,,,,,,,,,,,,,,,,,,,,,,,,
449.216995,1283.00,-235.94,6.609525033,-0.07,15.14277428,100.0865457,,,,,,,,,,,,,,,,,,,,,,,,,,,
449.269995,1283.00,,6.64,,15.14110273,100.4645274,,,,,,,,,,,,,,,,,,,,,,,,,,,
449.35,1283.00,,6.62084431,-0.07,15.14177813,100.2513556,,,,,,,,,,,,,,,,,,,,,,,,,,,
449.394995,1283.00,-235.94,6.618609937,,15.14242008,100.221772,,,,,,,,,,,,,,,,,,,,,,,,,,,
449.474995,1283.00,,6.62,-0.07,15.14086916,100.2158358,,,,,,,,,,,,,,,,,,,,,,,,,,,
449.524995,1283.00,-235.95,6.606981671,,15.14103534,100.036543,,,,,,,,,,,,,,,,,,,,,,,,,,,
449.600995,1283.00,,6.63,-0.07,15.13829143,100.429592,,,,,,,,,,,,,,,,,,,,,,,,,,,
449.657,1283.00,,6.625108618,,15.13799355,100.2908515,,,,,,,,,,,,,,,,,,,,,,,,,,,
449.733,1283.00,-235.59,6.625093258,,15.13627364,100.2792244,,,,,,,,,,,,,,,,,,,,,,,,,,,
449.795,1283.00,,6.62,-0.07,15.1367648,100.1727124,,,,,,,,,,,,,,,,,,,,,,,,,,,
449.853995,1283.00,-235.25,6.62,,15.1352428,100.2220653,,,,,,,,,,,,,,,,,,,,,,,,,,,
449.926995,1283.00,,6.618121665,-0.07,15.13413835,100.1595689,,,,,,,,,,,,,,,,,,,,,,,,,,,
449.987995,1283.00,-234.63,6.61868836,,15.13290375,100.1599739,,,,,,,,,,,,,,,,,,,,,,,,,,,
450.060995,1283.00,,6.625886648,-0.07,15.13172675,100.2611062,,,,,,,,,,,,,,,,,,,,,,,,,,,
450.127995,1283.00,,6.624447316,,15.12995218,100.2275711,,,,,,,,,,,,,,,,,,,,,,,,,,,
450.194995,1283.00,-233.18,6.62375394,-0.07,15.12998506,100.2172982,,,,,,,,,,,,,,,,,,,,,,,,,,,
450.268995,1283.00,-233.32,6.620627047,,15.12996589,100.1698614,,,,,,,,,,,,,,,,,,,,,,,,,,,
450.314995,1283.00,,6.644085848,,15.12947591,100.5215368,,,,,,,,,,,,,,,,,,,,,,,,,,,
450.398995,1283.00,-233.27,6.642892868,-0.07,15.13006799,100.5074207,,,,,,,,,,,,,,,,,,,,,,,,,,,
450.451,1283.00,,6.633341329,,15.13,100.3495084,,,,,,,,,,,,,,,,,,,,,,,,,,,
450.529995,1283.00,,6.623994723,-0.07,15.12814099,100.2087261,,,,,,,,,,,,,,,,,,,,,,,,,,,
450.585,1283.00,-233.45,6.614564652,,15.12658016,100.0557424,,,,,,,,,,,,,,,,,,,,,,,,,,,
450.657,1283.00,,6.633476029,-0.07,15.12445409,100.3277036,,,,,,,,,,,,,,,,,,,,,,,,,,,
450.697,1283.00,,6.610842721,,15.12565412,99.99,,,,,,,,,,,,,,,,,,,,,,,,,,,
450.775995,1283.00,-235.19,6.629536146,,15.1249087,100.2711289,,,,,,,,,,,,,,,,,,,,,,,,,,,
450.836995,1283.00,,6.62362893,-0.07,15.1248732,100.1815477,,,,,,,,,,,,,,,,,,,,,,,,,,,
450.96,1283.00,-235.77,6.631460568,,15.12564174,100.3050968,,,,,,,,,,,,,,,,,,,,,,,,,,,
451.024995,1283.00,-235.79,6.632904545,-0.07,15.12441321,100.3187891,,,,,,,,,,,,,,,,,,,,,,,,,,,
451.069995,1283.00,,6.61,,15.12331202,100.0325544,,,,,,,,,,,,,,,,,,,,,,,,,,,
451.16,1283.00,-235.80,6.621819016,-0.07,15.12231646,100.1372427,,,,,,,,,,,,,,,,,,,,,,,,,,,
451.220995,1283.00,,6.628190343,,15.12193312,100.2310511,,,,,,,,,,,,,,,,,,,,,,,,,,,
451.29,1283.00,-236.19,6.628844987,-0.07,15.12,100.2374195,,,,,,,,,,,,,,,,,,,,,,,,,,,
451.346995,1283.00,,6.63,,15.11995488,100.2283547,,,,,,,,,,,,,,,,,,,,,,,,,,,
451.429995,1283.00,,6.635154219,-0.07,15.11909104,100.3175007,,,,,,,,,,,,,,,,,,,,,,,,,,,
451.479995,1283.00,-237.34,6.627709853,,15.11918168,100.2055494,,,,,,,,,,,,,,,,,,,,,,,,,,,
451.559995,1283.00,,6.630374745,-0.07,15.11825279,100.2396815,,,,,,,,,,,,,,,,,,,,,,,,,,,
451.621995,1283.00,-237.69,6.634345493,,15.11761299,100.2954676,,,,,,,,,,,,,,,,,,,,,,,,,,,
451.675995,1283.00,,6.64155462,,15.11787917,100.4062202,,,,,,,,,,,,,,,,,,,,,,,,,,,
451.76,1286.00,-237.06,6.641131243,-0.07,15.11567308,100.3851688,,,,,,,,,,,,,,,,,,,,,,,,,,,
451.842995,1306.00,,6.635646288,-0.07,15.1153761,100.3002893,,,,,,,,,,,,,,,,,,,,,,,,,,,
451.979995,1321.00,-236.69,6.713458906,,15.11005387,101.4407257,,,,,,,,,,,,,,,,,,,,,,,,,,,
452.032,1323.00,,7.075236502,-0.07,15.08594844,106.7366531,,,,,,,,,,,,,,,,,,,,,,,,,,,
452.130995,1331.00,-238.79,7.80,,15.03020447,117.2858332,,,,,,,,,,,,,,,,,,,,,,,,,,,
452.184995,1333.00,,8.034838838,-0.07,15.0079434,120.5864065,,,,,,,,,,,,,,,,,,,,,,,,,,,
452.260995,1333.00,-254.70,8.50908227,,14.97441672,127.4185438,,,,,,,,,,,,,,,,,,,,,,,,,,,
452.287995,1333.00,,8.617065725,-0.07,14.96321067,128.9389698,,,,,,,,,,,,,,,,,,,,,,,,,,,
452.362995,1336.00,-274.33,8.99,,14.93826295,134.3602879,,,,,,,,,,,,,,,,,,,,,,,,,,,
452.425,1336.00,,9.21,,14.93206775,137.5445574,,,,,,,,,,,,,,,,,,,,,,,,,,,
452.478995,1338.00,,9.419622747,-0.08,14.92980117,140.6330947,,,,,,,,,,,,,,,,,,,,,,,,,,,
452.56,1343.00,-298.73,9.56,,14.9148063,142.5998821,,,,,,,,,,,,,,,,,,,,,,,,,,,
452.617995,1343.00,,9.520607809,-0.08,14.9020792,141.8768516,,,,,,,,,,,,,,,,,,,,,,,,,,,
452.675,1343.00,-306.60,9.62215705,,14.90097884,143.3795586,,,,,,,,,,,,,,,,,,,,,,,,,,,
452.755995,1343.00,,9.73,-0.08,14.88631386,144.8654273,,,,,,,,,,,,,,,,,,,,,,,,,,,
452.800995,1343.00,,9.86,,14.88031255,146.7164343,,,,,,,,,,,,,,,,,,,,,,,,,,,
452.922995,1343.00,-313.11,9.800909258,,14.86269271,145.6679026,,,,,,,,,,,,,,,,,,,,,,,,,,,
453.00,1343.00,-314.74,9.894111907,-0.08,14.85753479,147.0021119,,,,,,,,,,,,,,,,,,,,,,,,,,,
453.045995,1343.00,,9.949802906,,14.8633071,147.8869762,,,,,,,,,,,,,,,,,,,,,,,,,,,
453.13,1343.00,-319.90,9.890754547,-0.08,14.85536879,146.9308064,,,,,,,,,,,,,,,,,,,,,,,,,,,
453.18,1343.00,,9.983302326,,14.85534013,148.3053516,,,,,,,,,,,,,,,,,,,,,,,,,,,
453.260995,1343.00,-322.37,10.04,-0.08,14.8510526,149.12,,,,,,,,,,,,,,,,,,,,,,,,,,,
453.286995,1343.00,,10.11083692,,14.85072358,150.1532442,,,,,,,,,,,,,,,,,,,,,,,,,,,
453.349995,1343.00,,10.19444076,-0.08,14.84619125,151.3486171,,,,,,,,,,,,,,,,,,,,,,,,,,,
453.400995,1343.00,,10.07059115,,14.84417763,149.4896438,,,,,,,,,,,,,,,,,,,,,,,,,,,
453.48,1343.00,-322.54,10.17391959,,14.84615527,151.0435899,,,,,,,,,,,,,,,,,,,,,,,,,,,
453.528995,1343.00,,10.11042656,-0.08,14.8453077,150.0923932,,,,,,,,,,,,,,,,,,,,,,,,,,,
453.605995,1343.00,-321.94,10.09177775,,14.84616258,149.8241732,,,,,,,,,,,,,,,,,,,,,,,,,,,
453.694995,1343.00,,10.19181143,,14.84800947,151.3281126,,,,,,,,,,,,,,,,,,,,,,,,,,,
453.78,1343.00,-322.37,10.11500205,-0.08,14.84449361,150.1520833,,,,,,,,,,,,,,,,,,,,,,,,,,,
453.831,1343.00,,10.18778851,,14.84465672,151.2342231,,,,,,,,,,,,,,,,,,,,,,,,,,,
453.911995,1343.00,-322.17,10.16140212,,14.84370941,150.8329002,,,,,,,,,,,,,,,,,,,,,,,,,,,
453.971995,1343.00,,9.969942388,-0.08,14.85047511,148.0583813,,,,,,,,,,,,,,,,,,,,,,,,,,,
454.018,1343.00,-322.09,10.10328432,,14.84264879,149.9595007,,,,,,,,,,,,,,,,,,,,,,,,,,,
454.103995,1343.00,,10.07664066,-0.08,14.83912134,149.5284935,,,,,,,,,,,,,,,,,,,,,,,,,,,
454.166,1343.00,,10.21563717,,14.84250676,151.6256639,,,,,,,,,,,,,,,,,,,,,,,,,,,
454.242995,1343.00,-322.02,10.1346711,-0.08,14.83908678,150.389264,,,,,,,,,,,,,,,,,,,,,,,,,,,
454.354995,1343.00,,10.18865418,,14.83064551,151.1043183,,,,,,,,,,,,,,,,,,,,,,,,,,,
454.438995,1343.00,-324.11,10.14461892,-0.08,14.82892197,150.4337623,,,,,,,,,,,,,,,,,,,,,,,,,,,
454.498995,1343.00,-324.57,10.25978462,,14.82438449,152.094992,,,,,,,,,,,,,,,,,,,,,,,,,,,
454.550995,1343.00,,10.27522852,,14.82658031,152.3465008,,,,,,,,,,,,,,,,,,,,,,,,,,,
454.63,1343.00,-324.89,10.19663883,-0.08,14.82810133,151.1967938,,,,,,,,,,,,,,,,,,,,,,,,,,,
454.672995,1343.00,,10.18,,14.8269256,150.9664951,,,,,,,,,,,,,,,,,,,,,,,,,,,
454.75,1343.00,-323.69,10.03703674,-0.08,14.82502305,148.799301,,,,,,,,,,,,,,,,,,,,,,,,,,,
454.796995,1343.00,,10.09655788,,14.82405163,149.6718953,,,,,,,,,,,,,,,,,,,,,,,,,,,
454.88,1343.00,,10.09021044,-0.08,14.82081931,149.5451857,,,,,,,,,,,,,,,,,,,,,,,,,,,
454.926995,1343.00,-322.97,10.18217235,,14.82707486,150.9718316,,,,,,,,,,,,,,,,,,,,,,,,,,,
455.001995,1343.00,,10.17294156,-0.08,14.82727924,150.8370451,,,,,,,,,,,,,,,,,,,,,,,,,,,
455.060995,1343.00,,10.16879708,,14.82816988,150.7846506,,,,,,,,,,,,,,,,,,,,,,,,,,,
455.18,1343.00,-322.67,10.15218049,-0.08,14.82879475,150.5446007,,,,,,,,,,,,,,,,,,,,,,,,,,,
455.255995,1343.00,-323.93,10.15227076,,14.82380753,150.4953078,,,,,,,,,,,,,,,,,,,,,,,,,,,
455.291995,1343.00,,10.16320649,,14.82374078,150.6567384,,,,,,,,,,,,,,,,,,,,,,,,,,,
455.38,1343.00,-324.90,10.1188601,-0.08,14.81965719,149.9580378,,,,,,,,,,,,,,,,,,,,,,,,,,,
455.431995,1343.00,,10.19463925,,14.8140711,151.0241107,,,,,,,,,,,,,,,,,,,,,,,,,,,
455.509995,1343.00,-326.50,10.20155337,-0.08,14.81681625,151.1545417,,,,,,,,,,,,,,,,,,,,,,,,,,,
455.573995,1343.00,,10.17917011,,14.82080017,150.8634461,,,,,,,,,,,,,,,,,,,,,,,,,,,
455.635995,1343.00,,10.25153797,-0.08,14.81677769,151.8947592,,,,,,,,,,,,,,,,,,,,,,,,,,,
455.708995,1343.00,-327.36,10.14226782,,14.81345429,150.2420206,,,,,,,,,,,,,,,,,,,,,,,,,,,
455.774995,1348.00,,10.25040053,-0.08,14.80641162,151.7716495,,,,,,,,,,,,,,,,,,,,,,,,,,,
455.898,1369.00,-328.38,10.23096156,,14.80263634,151.4452034,,,,,,,,,,,,,,,,,,,,,,,,,,,
455.983995,1389.00,-328.59,10.32428578,-0.08,14.80423718,152.8431754,,,,,,,,,,,,,,,,,,,,,,,,,,,
456.07,1400.00,,11.00674162,-0.08,14.75016439,162.3512483,,,,,,,,,,,,,,,,,,,,,,,,,,,
456.126995,1400.00,-329.33,11.96603434,,14.68526832,175.7244249,,,,,,,,,,,,,,,,,,,,,,,,,,,
456.181995,1400.00,,12.8120705,,14.62466503,187.3722395,,,,,,,,,,,,,,,,,,,,,,,,,,,
456.259995,1400.00,-350.41,13.65780809,-0.08,14.56453168,198.9195787,,,,,,,,,,,,,,,,,,,,,,,,,,,
456.279995,1400.00,,13.7996225,,14.55471615,200.8495884,,,,,,,,,,,,,,,,,,,,,,,,,,,
456.335,1400.00,,14.07525148,,14.53491784,204.5826239,,,,,,,,,,,,,,,,,,,,,,,,,,,
456.407995,1400.00,-391.80,14.33951736,-0.09,14.51316179,208.1117354,,,,,,,,,,,,,,,,,,,,,,,,,,,
456.444995,1400.00,,14.42614588,,14.50579504,209.2627154,,,,,,,,,,,,,,,,,,,,,,,,,,,
456.524995,1400.00,,14.54587286,-0.09,14.49473399,210.8385577,,,,,,,,,,,,,,,,,,,,,,,,,,,
456.576995,1400.00,-410.46,14.57843031,,14.4874084,211.2036738,,,,,,,,,,,,,,,,,,,,,,,,,,,
456.661,1400.00,,14.63292986,-0.09,14.48186189,211.9120694,,,,,,,,,,,,,,,,,,,,,,,,,,,
456.716995,1400.00,-415.75,14.65290625,,14.48107051,212.1897687,,,,,,,,,,,,,,,,,,,,,,,,,,,
456.792995,1400.00,,14.69430198,,14.47791556,212.7428634,,,,,,,,,,,,,,,,,,,,,,,,,,,
456.817995,1400.00,,14.70219217,-0.09,14.47712981,212.8455445,,,,,,,,,,,,,,,,,,,,,,,,,,,
456.886995,1400.00,-418.22,14.71610316,,14.4754292,213.0219093,,,,,,,,,,,,,,,,,,,,,,,,,,,
456.951995,1400.00,,14.73377365,-0.09,14.47270557,213.237568,,,,,,,,,,,,,,,,,,,,,,,,,,,
457.005995,1400.00,,14.73578025,,14.47032487,213.2315274,,,,,,,,,,,,,,,,,,,,,,,,,,,
457.085,1400.00,-418.59,14.7360662,-0.09,14.46967528,213.2260928,,,,,,,,,,,,,,,,,,,,,,,,,,,
457.150995,1400.00,-418.65,14.73473343,,14.46686156,213.1653486,,,,,,,,,,,,,,,,,,,,,,,,,,,
457.201,1400.00,,14.88897602,,14.45557978,215.2287806,,,,,,,,,,,,,,,,,,,,,,,,,,,
457.278995,1400.00,,14.82135787,-0.09,14.45917943,214.3046728,,,,,,,,,,,,,,,,,,,,,,,,,,,
457.332995,1400.00,-417.96,14.76402066,,14.46293858,213.531124,,,,,,,,,,,,,,,,,,,,,,,,,,,
457.461995,1400.00,,14.70708678,-0.09,14.46566662,212.7478143,,,,,,,,,,,,,,,,,,,,,,,,,,,
457.539,1400.00,-416.97,14.6926222,,14.46449887,212.5214172,,,,,,,,,,,,,,,,,,,,,,,,,,,
457.599995,1400.00,-416.83,14.67766097,-0.09,14.46401382,212.2978912,,,,,,,,,,,,,,,,,,,,,,,,,,,
457.649995,1400.00,,14.66043438,,14.46359695,212.0426141,,,,,,,,,,,,,,,,,,,,,,,,,,,
457.728,1400.00,,14.6303225,-0.09,14.46360117,211.6071495,,,,,,,,,,,,,,,,,,,,,,,,,,,
457.78,1400.00,-416.82,14.64016386,,14.46304813,211.7413945,,,,,,,,,,,,,,,,,,,,,,,,,,,
457.85,1400.00,,14.62024866,-0.09,14.46357184,211.4610169,,,,,,,,,,,,,,,,,,,,,,,,,,,
457.916995,1400.00,-416.81,14.61154738,,14.46384712,211.3391874,,,,,,,,,,,,,,,,,,,,,,,,,,,
457.992995,1400.00,,14.59435977,-0.09,14.46271485,211.0740638,,,,,,,,,,,,,,,,,,,,,,,,,,,
458.081995,1400.00,-415.59,14.58562527,,14.46254645,210.9452829,,,,,,,,,,,,,,,,,,,,,,,,,,,
458.166995,1400.00,,14.56375447,-0.09,14.46143758,210.6128261,,,,,,,,,,,,,,,,,,,,,,,,,,,
458.23,1400.00,-415.14,14.5624512,,14.46052948,210.5807548,,,,,,,,,,,,,,,,,,,,,,,,,,,
458.28,1400.00,,14.56816404,,14.4594175,210.6471662,,,,,,,,,,,,,,,,,,,,,,,,,,,
458.354995,1400.00,-414.60,14.57447306,-0.09,14.45811333,210.7193833,,,,,,,,,,,,,,,,,,,,,,,,,,,
458.405,1400.00,,14.58406801,,14.45673828,210.8380542,,,,,,,,,,,,,,,,,,,,,,,,,,,
458.487995,1400.00,-415.70,14.58462576,-0.09,14.45575964,210.8318443,,,,,,,,,,,,,,,,,,,,,,,,,,,
458.55,1000.00,,14.5890319,,14.45492534,210.8833668,,,,,,,,,,,,,,,,,,,,,,,,,,,
458.62,1000.00,,14.58189113,-0.09,14.45405447,210.7674487,,,,,,,,,,,,,,,,,,,,,,,,,,,
458.742995,1000.00,-413.55,8.553085515,,14.87769628,127.2502086,,,,,,,,,,,,,,,,,,,,,,,,,,,
458.823995,1000.00,-413.00,5.112792339,-0.09,15.12415286,77.32665287,,,,,,,,,,,,,,,,,,,,,,,,,,,
458.88,1000.00,,3.76616258,,15.22233085,57.32977283,,,,,,,,,,,,,,,,,,,,,,,,,,,
458.96,1000.00,-221.41,2.323609494,-0.06,15.32788293,35.6160143,,,,,,,,,,,,,,,,,,,,,,,,,,,
459.03,1000.00,,1.54,,15.38695199,23.62977125,,,,,,,,,,,,,,,,,,,,,,,,,,,
459.076995,1000.00,,1.142207451,-0.04,15.4172913,17.609745,,,,,,,,,,,,,,,,,,,,,,,,,,,
459.164,1000.00,-79.84,0.714524216,,15.45066682,11.0398756,,,,,,,,,,,,,,,,,,,,,,,,,,,
459.224995,1000.00,,0.509903066,-0.04,15.46715273,7.886748593,,,,,,,,,,,,,,,,,,,,,,,,,,,
459.30,1000.00,-39.22,0.356839953,,15.48038309,5.52,,,,,,,,,,,,,,,,,,,,,,,,,,,
459.363995,1000.00,,0.270172424,,15.48735789,4.184257017,,,,,,,,,,,,,,,,,,,,,,,,,,,
459.438995,1000.00,-19.18,0.197457829,-0.03,15.49394409,3.059400564,,,,,,,,,,,,,,,,,,,,,,,,,,,
459.501995,1000.00,,0.162152629,,15.49814895,2.513065593,,,,,,,,,,,,,,,,,,,,,,,,,,,
459.567995,1000.00,-8.60,0.137330441,-0.03,15.50221785,2.128926417,,,,,,,,,,,,,,,,,,,,,,,,,,,
459.62,1000.00,,0.116084477,,15.50540956,1.799937354,,,,,,,,,,,,,,,,,,,,,,,,,,,
459.71,1000.00,-2.87,0.103847357,-0.03,15.50902962,1.610571738,,,,,,,,,,,,,,,,,,,,,,,,,,,
459.773,1000.00,,0.102292707,,15.51001912,1.586561844,,,,,,,,,,,,,,,,,,,,,,,,,,,
459.858,1000.00,-0.53,0.10,-0.03,15.51218518,1.484649468,,,,,,,,,,,,,,,,,,,,,,,,,,,
459.911995,1000.00,,0.09,,15.51250814,1.408464464,,,,,,,,,,,,,,,,,,,,,,,,,,,
459.996995,1000.00,1.098358686,0.08,-0.03,15.51449471,1.30,,,,,,,,,,,,,,,,,,,,,,,,,,,
460.055995,1000.00,,0.08,,15.51538005,1.216084569,,,,,,,,,,,,,,,,,,,,,,,,,,,
460.135995,1000.00,1.853161344,0.08,-0.03,15.51765648,1.210358474,,,,,,,,,,,,,,,,,,,,,,,,,,,
460.207995,1000.00,,0.09,,15.51893495,1.336522862,,,,,,,,,,,,,,,,,,,,,,,,,,,
460.278995,1000.00,,0.08,-0.03,15.51974352,1.281669701,,,,,,,,,,,,,,,,,,,,,,,,,,,
460.345995,1000.00,2.24445816,0.09,,15.52039719,1.336924907,,,,,,,,,,,,,,,,,,,,,,,,,,,
460.429995,1000.00,,0.08,-0.03,15.52167901,1.25854616,,,,,,,,,,,,,,,,,,,,,,,,,,,
460.488995,1000.00,2.522512028,0.08,,15.52243013,1.193420131,,,,,,,,,,,,,,,,,,,,,,,,,,,
460.57,1000.00,,0.08,-0.03,15.52381597,1.214747995,,,,,,,,,,,,,,,,,,,,,,,,,,,
460.627995,1000.00,2.42,0.07,,15.52414129,1.153489455,,,,,,,,,,,,,,,,,,,,,,,,,,,
460.704,1000.00,,0.08,-0.03,15.52527641,1.296991642,,,,,,,,,,,,,,,,,,,,,,,,,,,
460.75,1000.00,2.58638484,0.08,,15.5258623,1.263228087,,,,,,,,,,,,,,,,,,,,,,,,,,,
460.835995,1000.00,,0.08,-0.03,15.52787986,1.235231967,,,,,,,,,,,,,,,,,,,,,,,,,,,
460.898,1000.00,2.412019556,0.08,,15.52845783,1.248897057,,,,,,,,,,,,,,,,,,,,,,,,,,,
460.954,1000.00,,0.08,,15.52921614,1.274802378,,,,,,,,,,,,,,,,,,,,,,,,,,,
461.077995,1000.00,2.649967041,0.09,-0.03,15.53085479,1.340643457,,,,,,,,,,,,,,,,,,,,,,,,,,,
461.144995,1000.00,,0.09,-0.03,15.53189908,1.364978012,,,,,,,,,,,,,,,,,,,,,,,,,,,
461.206995,1000.00,,0.08,,15.53268644,1.292915043,,,,,,,,,,,,,,,,,,,,,,,,,,,
461.286995,1000.00,2.396735101,0.08,-0.03,15.53373922,1.291522401,,,,,,,,,,,,,,,,,,,,,,,,,,,
461.353,1000.00,2.533821923,0.08,,15.53458898,1.288756498,,,,,,,,,,,,,,,,,,,,,,,,,,,
461.407995,1000.00,,0.09,,15.53511114,1.339882536,,,,,,,,,,,,,,,,,,,,,,,,,,,
461.484995,1000.00,2.583433491,0.09,-0.03,15.53571807,1.34764874,,,,,,,,,,,,,,,,,,,,,,,,,,,
461.545995,1000.00,,0.08,,15.5367357,1.307094042,,,,,,,,,,,,,,,,,,,,,,,,,,,
461.595995,1000.00,,0.09,,15.53771731,1.332576227,,,,,,,,,,,,,,,,,,,,,,,,,,,
461.68,1000.00,2.612405756,0.08,-0.03,15.53779258,1.305682251,,,,,,,,,,,,,,,,,,,,,,,,,,,
461.75,1000.00,,0.09,-0.03,15.53778195,1.324107856,,,,,,,,,,,,,,,,,,,,,,,,,,,
461.805995,1000.00,,0.09,,15.53993129,1.321793675,,,,,,,,,,,,,,,,,,,,,,,,,,,
461.893,1000.00,2.622212561,0.09,-0.03,15.5406854,1.337837972,,,,,,,,,,,,,,,,,,,,,,,,,,,
461.952995,1000.00,,0.08,,15.54164084,1.289156535,,,,,,,,,,,,,,,,,,,,,,,,,,,
462.04,1000.00,3.303336598,0.09,-0.03,15.54173599,1.354713832,,,,,,,,,,,,,,,,,,,,,,,,,,,
462.112995,1000.00,3.47389601,0.09,,15.5422314,1.356007653,,,,,,,,,,,,,,,,,,,,,,,,,,,
462.17,1000.00,,0.08,,15.5432245,1.319574185,,,,,,,,,,,,,,,,,,,,,,,,,,,
462.25,1000.00,4.033058254,0.09,-0.03,15.54417657,1.33896797,,,,,,,,,,,,,,,,,,,,,,,,,,,
462.308995,1000.00,,0.09,,15.54452682,1.402167613,,,,,,,,,,,,,,,,,,,,,,,,,,,
462.387,1000.00,3.400629005,0.09,-0.03,15.5453558,1.342580621,,,,,,,,,,,,,,,,,,,,,,,,,,,
462.414,1000.00,,0.09,,15.54530814,1.345220392,,,,,,,,,,,,,,,,,,,,,,,,,,,
462.478,1000.00,,0.08,,15.54586905,1.27,,,,,,,,,,,,,,,,,,,,,,,,,,,
462.528995,1000.00,,0.08,-0.03,15.54652831,1.292094866,,,,,,,,,,,,,,,,,,,,,,,,,,,
462.608995,1000.00,4.330394047,0.08,,15.54742134,1.302232051,,,,,,,,,,,,,,,,,,,,,,,,,,,
462.676995,1000.00,,0.08,-0.03,15.54763028,1.299154368,,,,,,,,,,,,,,,,,,,,,,,,,,,
462.73,1000.00,4.317691002,0.08,,15.54805425,1.314869919,,,,,,,,,,,,,,,,,,,,,,,,,,,
462.822,1000.00,,0.08,-0.03,15.54835724,1.318712124,,,,,,,,,,,,,,,,,,,,,,,,,,,
462.898995,1000.00,4.573252849,0.08,,15.54821628,1.303252567,,,,,,,,,,,,,,,,,,,,,,,,,,,
462.966995,1000.00,,0.08,-0.03,15.54888393,1.31,,,,,,,,,,,,,,,,,,,,,,,,,,,
463.032995,1000.00,4.65857845,0.08,,15.55042895,1.235134717,,,,,,,,,,,,,,,,,,,,,,,,,,,
463.12,1000.00,,0.08,-0.03,15.55189472,1.2726189,,,,,,,,,,,,,,,,,,,,,,,,,,,
463.171995,1000.00,4.699555371,0.08,,15.55,1.269316629,,,,,,,,,,,,,,,,,,,,,,,,,,,
463.251995,1000.00,,0.09,-0.03,15.55160694,1.346660036,,,,,,,,,,,,,,,,,,,,,,,,,,,
463.31,1000.00,4.817018892,0.09,,15.55192766,1.336254131,,,,,,,,,,,,,,,,,,,,,,,,,,,
463.394995,1000.00,,0.09,-0.03,15.55271598,1.335892285,,,,,,,,,,,,,,,,,,,,,,,,,,,
463.447995,1000.00,,0.08,,15.55407133,1.316130496,,,,,,,,,,,,,,,,,,,,,,,,,,,
,,,,,,,,,,,,,,,,,,,,,,,,,,,,,,,,,
,,,,,,,,,,,,,,,,,,,,,,,,,,,,,,,,,
,,,,,,,,,,,,,,,,,,,,,,,,,,,,,,,,,
,,,,,,,,,,,,,,,,,,,,,,,,,,,,,,,,,
,,,,,,,,,,,,,,,,,,,,,,,,,,,,,,,,,
,,,,,,,,,,,,,,,,,,,,,,,,,,,,,,,,,
,,,,,,,,,,,,,,,,,,,,,,,,,,,,,,,,,
,,,,,,,,,,,,,,,,,,,,,,,,,,,,,,,,,
,,,,,,,,,,,,,,,,,,,,,,,,,,,,,,,,,
,,,,,,,,,,,,,,,,,,,,,,,,,,,,,,,,,
,,,,,,,,,,,,,,,,,,,,,,,,,,,,,,,,,
,,,,,,,,,,,,,,,,,,,,,,,,,,,,,,,,,
,,,,,,,,,,,,,,,,,,,,,,,,,,,,,,,,,
,,,,,,,,,,,,,,,,,,,,,,,,,,,,,,,,,
,,,,,,,,,,,,,,,,,,,,,,,,,,,,,,,,,
,,,,,,,,,,,,,,,,,,,,,,,,,,,,,,,,,
,,,,,,,,,,,,,,,,,,,,,,,,,,,,,,,,,
,,,,,,,,,,,,,,,,,,,,,,,,,,,,,,,,,
,,,,,,,,,,,,,,,,,,,,,,,,,,,,,,,,,
,,,,,,,,,,,,,,,,,,,,,,,,,,,,,,,,,
,,,,,,,,,,,,,,,,,,,,,,,,,,,,,,,,,
,,,,,,,,,,,,,,,,,,,,,,,,,,,,,,,,,
,,,,,,,,,,,,,,,,,,,,,,,,,,,,,,,,,
,,,,,,,,,,,,,,,,,,,,,,,,,,,,,,,,,
,,,,,,,,,,,,,,,,,,,,,,,,,,,,,,,,,
,,,,,,,,,,,,,,,,,,,,,,,,,,,,,,,,,
,,,,,,,,,,,,,,,,,,,,,,,,,,,,,,,,,
,,,,,,,,,,,,,,,,,,,,,,,,,,,,,,,,,
,,,,,,,,,,,,,,,,,,,,,,,,,,,,,,,,,
,,,,,,,,,,,,,,,,,,,,,,,,,,,,,,,,,
,,,,,,,,,,,,,,,,,,,,,,,,,,,,,,,,,
,,,,,,,,,,,,,,,,,,,,,,,,,,,,,,,,,
,,,,,,,,,,,,,,,,,,,,,,,,,,,,,,,,,
,,,,,,,,,,,,,,,,,,,,,,,,,,,,,,,,,
,,,,,,,,,,,,,,,,,,,,,,,,,,,,,,,,,
,,,,,,,,,,,,,,,,,,,,,,,,,,,,,,,,,
,,,,,,,,,,,,,,,,,,,,,,,,,,,,,,,,,
,,,,,,,,,,,,,,,,,,,,,,,,,,,,,,,,,
,,,,,,,,,,,,,,,,,,,,,,,,,,,,,,,,,
,,,,,,,,,,,,,,,,,,,,,,,,,,,,,,,,,
,,,,,,,,,,,,,,,,,,,,,,,,,,,,,,,,,
,,,,,,,,,,,,,,,,,,,,,,,,,,,,,,,,,
,,,,,,,,,,,,,,,,,,,,,,,,,,,,,,,,,
,,,,,,,,,,,,,,,,,,,,,,,,,,,,,,,,,
,,,,,,,,,,,,,,,,,,,,,,,,,,,,,,,,,
,,,,,,,,,,,,,,,,,,,,,,,,,,,,,,,,,
,,,,,,,,,,,,,,,,,,,,,,,,,,,,,,,,,
,,,,,,,,,,,,,,,,,,,,,,,,,,,,,,,,,
,,,,,,,,,,,,,,,,,,,,,,,,,,,,,,,,,
,,,,,,,,,,,,,,,,,,,,,,,,,,,,,,,,,
,,,,,,,,,,,,,,,,,,,,,,,,,,,,,,,,,
,,,,,,,,,,,,,,,,,,,,,,,,,,,,,,,,,
,,,,,,,,,,,,,,,,,,,,,,,,,,,,,,,,,
,,,,,,,,,,,,,,,,,,,,,,,,,,,,,,,,,
,,,,,,,,,,,,,,,,,,,,,,,,,,,,,,,,,
,,,,,,,,,,,,,,,,,,,,,,,,,,,,,,,,,
,,,,,,,,,,,,,,,,,,,,,,,,,,,,,,,,,
,,,,,,,,,,,,,,,,,,,,,,,,,,,,,,,,,
,,,,,,,,,,,,,,,,,,,,,,,,,,,,,,,,,
,,,,,,,,,,,,,,,,,,,,,,,,,,,,,,,,,
,,,,,,,,,,,,,,,,,,,,,,,,,,,,,,,,,
,,,,,,,,,,,,,,,,,,,,,,,,,,,,,,,,,
,,,,,,,,,,,,,,,,,,,,,,,,,,,,,,,,,
,,,,,,,,,,,,,,,,,,,,,,,,,,,,,,,,,
,,,,,,,,,,,,,,,,,,,,,,,,,,,,,,,,,
,,,,,,,,,,,,,,,,,,,,,,,,,,,,,,,,,
,,,,,,,,,,,,,,,,,,,,,,,,,,,,,,,,,
,,,,,,,,,,,,,,,,,,,,,,,,,,,,,,,,,
,,,,,,,,,,,,,,,,,,,,,,,,,,,,,,,,,
,,,,,,,,,,,,,,,,,,,,,,,,,,,,,,,,,
,,,,,,,,,,,,,,,,,,,,,,,,,,,,,,,,,
,,,,,,,,,,,,,,,,,,,,,,,,,,,,,,,,,
,,,,,,,,,,,,,,,,,,,,,,,,,,,,,,,,,
,,,,,,,,,,,,,,,,,,,,,,,,,,,,,,,,,
,,,,,,,,,,,,,,,,,,,,,,,,,,,,,,,,,
,,,,,,,,,,,,,,,,,,,,,,,,,,,,,,,,,
,,,,,,,,,,,,,,,,,,,,,,,,,,,,,,,,,
,,,,,,,,,,,,,,,,,,,,,,,,,,,,,,,,,
,,,,,,,,,,,,,,,,,,,,,,,,,,,,,,,,,
,,,,,,,,,,,,,,,,,,,,,,,,,,,,,,,,,
,,,,,,,,,,,,,,,,,,,,,,,,,,,,,,,,,
,,,,,,,,,,,,,,,,,,,,,,,,,,,,,,,,,
,,,,,,,,,,,,,,,,,,,,,,,,,,,,,,,,,
,,,,,,,,,,,,,,,,,,,,,,,,,,,,,,,,,
,,,,,,,,,,,,,,,,,,,,,,,,,,,,,,,,,
,,,,,,,,,,,,,,,,,,,,,,,,,,,,,,,,,
,,,,,,,,,,,,,,,,,,,,,,,,,,,,,,,,,
,,,,,,,,,,,,,,,,,,,,,,,,,,,,,,,,,
,,,,,,,,,,,,,,,,,,,,,,,,,,,,,,,,,
,,,,,,,,,,,,,,,,,,,,,,,,,,,,,,,,,
,,,,,,,,,,,,,,,,,,,,,,,,,,,,,,,,,
,,,,,,,,,,,,,,,,,,,,,,,,,,,,,,,,,
,,,,,,,,,,,,,,,,,,,,,,,,,,,,,,,,,
,,,,,,,,,,,,,,,,,,,,,,,,,,,,,,,,,
,,,,,,,,,,,,,,,,,,,,,,,,,,,,,,,,,
,,,,,,,,,,,,,,,,,,,,,,,,,,,,,,,,,
,,,,,,,,,,,,,,,,,,,,,,,,,,,,,,,,,
,,,,,,,,,,,,,,,,,,,,,,,,,,,,,,,,,
,,,,,,,,,,,,,,,,,,,,,,,,,,,,,,,,,
,,,,,,,,,,,,,,,,,,,,,,,,,,,,,,,,,
,,,,,,,,,,,,,,,,,,,,,,,,,,,,,,,,,
,,,,,,,,,,,,,,,,,,,,,,,,,,,,,,,,,
,,,,,,,,,,,,,,,,,,,,,,,,,,,,,,,,,
,,,,,,,,,,,,,,,,,,,,,,,,,,,,,,,,,
,,,,,,,,,,,,,,,,,,,,,,,,,,,,,,,,,
,,,,,,,,,,,,,,,,,,,,,,,,,,,,,,,,,
,,,,,,,,,,,,,,,,,,,,,,,,,,,,,,,,,
,,,,,,,,,,,,,,,,,,,,,,,,,,,,,,,,,
,,,,,,,,,,,,,,,,,,,,,,,,,,,,,,,,,
,,,,,,,,,,,,,,,,,,,,,,,,,,,,,,,,,
,,,,,,,,,,,,,,,,,,,,,,,,,,,,,,,,,
,,,,,,,,,,,,,,,,,,,,,,,,,,,,,,,,,
,,,,,,,,,,,,,,,,,,,,,,,,,,,,,,,,,
,,,,,,,,,,,,,,,,,,,,,,,,,,,,,,,,,
,,,,,,,,,,,,,,,,,,,,,,,,,,,,,,,,,
,,,,,,,,,,,,,,,,,,,,,,,,,,,,,,,,,
,,,,,,,,,,,,,,,,,,,,,,,,,,,,,,,,,
,,,,,,,,,,,,,,,,,,,,,,,,,,,,,,,,,
,,,,,,,,,,,,,,,,,,,,,,,,,,,,,,,,,
,,,,,,,,,,,,,,,,,,,,,,,,,,,,,,,,,
,,,,,,,,,,,,,,,,,,,,,,,,,,,,,,,,,
,,,,,,,,,,,,,,,,,,,,,,,,,,,,,,,,,
,,,,,,,,,,,,,,,,,,,,,,,,,,,,,,,,,
,,,,,,,,,,,,,,,,,,,,,,,,,,,,,,,,,
,,,,,,,,,,,,,,,,,,,,,,,,,,,,,,,,,
,,,,,,,,,,,,,,,,,,,,,,,,,,,,,,,,,
,,,,,,,,,,,,,,,,,,,,,,,,,,,,,,,,,
,,,,,,,,,,,,,,,,,,,,,,,,,,,,,,,,,
,,,,,,,,,,,,,,,,,,,,,,,,,,,,,,,,,
,,,,,,,,,,,,,,,,,,,,,,,,,,,,,,,,,
,,,,,,,,,,,,,,,,,,,,,,,,,,,,,,,,,
,,,,,,,,,,,,,,,,,,,,,,,,,,,,,,,,,
,,,,,,,,,,,,,,,,,,,,,,,,,,,,,,,,,
,,,,,,,,,,,,,,,,,,,,,,,,,,,,,,,,,
,,,,,,,,,,,,,,,,,,,,,,,,,,,,,,,,,
,,,,,,,,,,,,,,,,,,,,,,,,,,,,,,,,,
,,,,,,,,,,,,,,,,,,,,,,,,,,,,,,,,,
,,,,,,,,,,,,,,,,,,,,,,,,,,,,,,,,,
,,,,,,,,,,,,,,,,,,,,,,,,,,,,,,,,,
,,,,,,,,,,,,,,,,,,,,,,,,,,,,,,,,,
,,,,,,,,,,,,,,,,,,,,,,,,,,,,,,,,,
,,,,,,,,,,,,,,,,,,,,,,,,,,,,,,,,,
,,,,,,,,,,,,,,,,,,,,,,,,,,,,,,,,,
,,,,,,,,,,,,,,,,,,,,,,,,,,,,,,,,,
,,,,,,,,,,,,,,,,,,,,,,,,,,,,,,,,,
,,,,,,,,,,,,,,,,,,,,,,,,,,,,,,,,,
,,,,,,,,,,,,,,,,,,,,,,,,,,,,,,,,,
,,,,,,,,,,,,,,,,,,,,,,,,,,,,,,,,,
,,,,,,,,,,,,,,,,,,,,,,,,,,,,,,,,,
,,,,,,,,,,,,,,,,,,,,,,,,,,,,,,,,,
,,,,,,,,,,,,,,,,,,,,,,,,,,,,,,,,,
,,,,,,,,,,,,,,,,,,,,,,,,,,,,,,,,,
,,,,,,,,,,,,,,,,,,,,,,,,,,,,,,,,,
,,,,,,,,,,,,,,,,,,,,,,,,,,,,,,,,,
,,,,,,,,,,,,,,,,,,,,,,,,,,,,,,,,,
,,,,,,,,,,,,,,,,,,,,,,,,,,,,,,,,,
,,,,,,,,,,,,,,,,,,,,,,,,,,,,,,,,,
,,,,,,,,,,,,,,,,,,,,,,,,,,,,,,,,,
,,,,,,,,,,,,,,,,,,,,,,,,,,,,,,,,,
,,,,,,,,,,,,,,,,,,,,,,,,,,,,,,,,,
,,,,,,,,,,,,,,,,,,,,,,,,,,,,,,,,,
,,,,,,,,,,,,,,,,,,,,,,,,,,,,,,,,,
,,,,,,,,,,,,,,,,,,,,,,,,,,,,,,,,,
,,,,,,,,,,,,,,,,,,,,,,,,,,,,,,,,,
,,,,,,,,,,,,,,,,,,,,,,,,,,,,,,,,,
,,,,,,,,,,,,,,,,,,,,,,,,,,,,,,,,,
,,,,,,,,,,,,,,,,,,,,,,,,,,,,,,,,,
,,,,,,,,,,,,,,,,,,,,,,,,,,,,,,,,,
,,,,,,,,,,,,,,,,,,,,,,,,,,,,,,,,,
,,,,,,,,,,,,,,,,,,,,,,,,,,,,,,,,,
,,,,,,,,,,,,,,,,,,,,,,,,,,,,,,,,,
,,,,,,,,,,,,,,,,,,,,,,,,,,,,,,,,,
,,,,,,,,,,,,,,,,,,,,,,,,,,,,,,,,,
,,,,,,,,,,,,,,,,,,,,,,,,,,,,,,,,,
,,,,,,,,,,,,,,,,,,,,,,,,,,,,,,,,,
,,,,,,,,,,,,,,,,,,,,,,,,,,,,,,,,,
,,,,,,,,,,,,,,,,,,,,,,,,,,,,,,,,,
,,,,,,,,,,,,,,,,,,,,,,,,,,,,,,,,,
,,,,,,,,,,,,,,,,,,,,,,,,,,,,,,,,,
,,,,,,,,,,,,,,,,,,,,,,,,,,,,,,,,,
,,,,,,,,,,,,,,,,,,,,,,,,,,,,,,,,,
,,,,,,,,,,,,,,,,,,,,,,,,,,,,,,,,,
,,,,,,,,,,,,,,,,,,,,,,,,,,,,,,,,,
,,,,,,,,,,,,,,,,,,,,,,,,,,,,,,,,,
,,,,,,,,,,,,,,,,,,,,,,,,,,,,,,,,,
,,,,,,,,,,,,,,,,,,,,,,,,,,,,,,,,,
,,,,,,,,,,,,,,,,,,,,,,,,,,,,,,,,,
,,,,,,,,,,,,,,,,,,,,,,,,,,,,,,,,,
,,,,,,,,,,,,,,,,,,,,,,,,,,,,,,,,,
,,,,,,,,,,,,,,,,,,,,,,,,,,,,,,,,,
,,,,,,,,,,,,,,,,,,,,,,,,,,,,,,,,,
,,,,,,,,,,,,,,,,,,,,,,,,,,,,,,,,,
,,,,,,,,,,,,,,,,,,,,,,,,,,,,,,,,,
,,,,,,,,,,,,,,,,,,,,,,,,,,,,,,,,,
,,,,,,,,,,,,,,,,,,,,,,,,,,,,,,,,,
,,,,,,,,,,,,,,,,,,,,,,,,,,,,,,,,,
,,,,,,,,,,,,,,,,,,,,,,,,,,,,,,,,,
,,,,,,,,,,,,,,,,,,,,,,,,,,,,,,,,,
,,,,,,,,,,,,,,,,,,,,,,,,,,,,,,,,,
,,,,,,,,,,,,,,,,,,,,,,,,,,,,,,,,,
,,,,,,,,,,,,,,,,,,,,,,,,,,,,,,,,,
,,,,,,,,,,,,,,,,,,,,,,,,,,,,,,,,,
,,,,,,,,,,,,,,,,,,,,,,,,,,,,,,,,,
,,,,,,,,,,,,,,,,,,,,,,,,,,,,,,,,,
,,,,,,,,,,,,,,,,,,,,,,,,,,,,,,,,,
,,,,,,,,,,,,,,,,,,,,,,,,,,,,,,,,,
,,,,,,,,,,,,,,,,,,,,,,,,,,,,,,,,,
,,,,,,,,,,,,,,,,,,,,,,,,,,,,,,,,,
,,,,,,,,,,,,,,,,,,,,,,,,,,,,,,,,,
,,,,,,,,,,,,,,,,,,,,,,,,,,,,,,,,,
,,,,,,,,,,,,,,,,,,,,,,,,,,,,,,,,,
,,,,,,,,,,,,,,,,,,,,,,,,,,,,,,,,,
,,,,,,,,,,,,,,,,,,,,,,,,,,,,,,,,,
,,,,,,,,,,,,,,,,,,,,,,,,,,,,,,,,,
,,,,,,,,,,,,,,,,,,,,,,,,,,,,,,,,,
,,,,,,,,,,,,,,,,,,,,,,,,,,,,,,,,,
,,,,,,,,,,,,,,,,,,,,,,,,,,,,,,,,,
,,,,,,,,,,,,,,,,,,,,,,,,,,,,,,,,,
,,,,,,,,,,,,,,,,,,,,,,,,,,,,,,,,,
,,,,,,,,,,,,,,,,,,,,,,,,,,,,,,,,,
,,,,,,,,,,,,,,,,,,,,,,,,,,,,,,,,,
,,,,,,,,,,,,,,,,,,,,,,,,,,,,,,,,,
,,,,,,,,,,,,,,,,,,,,,,,,,,,,,,,,,
,,,,,,,,,,,,,,,,,,,,,,,,,,,,,,,,,
,,,,,,,,,,,,,,,,,,,,,,,,,,,,,,,,,
,,,,,,,,,,,,,,,,,,,,,,,,,,,,,,,,,
,,,,,,,,,,,,,,,,,,,,,,,,,,,,,,,,,
,,,,,,,,,,,,,,,,,,,,,,,,,,,,,,,,,
,,,,,,,,,,,,,,,,,,,,,,,,,,,,,,,,,
,,,,,,,,,,,,,,,,,,,,,,,,,,,,,,,,,
,,,,,,,,,,,,,,,,,,,,,,,,,,,,,,,,, limit=12)
,,,,,,,,,,,,,,,,,,,,,,,,,,,,,,,,,
,,,,,,,,,,,,,,,,,,,,,,,,,,,,,,,,,
,,,,,,,,,,,,,,,,,,,,,,,,,,,,,,,,,
,,,,,,,,,,,,,,,,,,,,,,,,,,,,,,,,,
,,,,,,,,,,,,,,,,,,,,,,,,,,,,,,,,,
,,,,,,,,,,,,,,,,,,,,,,,,,,,,,,,,,
,,,,,,,,,,,,,,,,,,,,,,,,,,,,,,,,,
,,,,,,,,,,,,,,,,,,,,,,,,,,,,,,,,,
,,,,,,,,,,,,,,,,,,,,,,,,,,,,,,,,,
,,,,,,,,,,,,,,,,,,,,,,,,,,,,,,,,,
,,,,,,,,,,,,,,,,,,,,,,,,,,,,,,,,,
,,,,,,,,,,,,,,,,,,,,,,,,,,,,,,,,,
,,,,,,,,,,,,,,,,,,,,,,,,,,,,,,,,,
,,,,,,,,,,,,,,,,,,,,,,,,,,,,,,,,,
,,,,,,,,,,,,,,,,,,,,,,,,,,,,,,,,,
,,,,,,,,,,,,,,,,,,,,,,,,,,,,,,,,,
,,,,,,,,,,,,,,,,,,,,,,,,,,,,,,,,,
,,,,,,,,,,,,,,,,,,,,,,,,,,,,,,,,,
,,,,,,,,,,,,,,,,,,,,,,,,,,,,,,,,,
,,,,,,,,,,,,,,,,,,,,,,,,,,,,,,,,,
,,,,,,,,,,,,,,,,,,,,,,,,,,,,,,,,,
,,,,,,,,,,,,,,,,,,,,,,,,,,,,,,,,,
,,,,,,,,,,,,,,,,,,,,,,,,,,,,,,,,,
,,,,,,,,,,,,,,,,,,,,,,,,,,,,,,,,,
,,,,,,,,,,,,,,,,,,,,,,,,,,,,,,,,,
,,,,,,,,,,,,,,,,,,,,,,,,,,,,,,,,,
,,,,,,,,,,,,,,,,,,,,,,,,,,,,,,,,,
,,,,,,,,,,,,,,,,,,,,,,,,,,,,,,,,,
,,,,,,,,,,,,,,,,,,,,,,,,,,,,,,,,,
,,,,,,,,,,,,,,,,,,,,,,,,,,,,,,,,,
,,,,,,,,,,,,,,,,,,,,,,,,,,,,,,,,,
,,,,,,,,,,,,,,,,,,,,,,,,,,,,,,,,,
,,,,,,,,,,,,,,,,,,,,,,,,,,,,,,,,,
,,,,,,,,,,,,,,,,,,,,,,,,,,,,,,,,,
,,,,,,,,,,,,,,,,,,,,,,,,,,,,,,,,,
,,,,,,,,,,,,,,,,,,,,,,,,,,,,,,,,,
,,,,,,,,,,,,,,,,,,,,,,,,,,,,,,,,,
,,,,,,,,,,,,,,,,,,,,,,,,,,,,,,,,,
,,,,,,,,,,,,,,,,,,,,,,,,,,,,,,,,,
,,,,,,,,,,,,,,,,,,,,,,,,,,,,,,,,,
,,,,,,,,,,,,,,,,,,,,,,,,,,,,,,,,,
,,,,,,,,,,,,,,,,,,,,,,,,,,,,,,,,,
,,,,,,,,,,,,,,,,,,,,,,,,,,,,,,,,,
,,,,,,,,,,,,,,,,,,,,,,,,,,,,,,,,,
,,,,,,,,,,,,,,,,,,,,,,,,,,,,,,,,,
,,,,,,,,,,,,,,,,,,,,,,,,,,,,,,,,,
,,,,,,,,,,,,,,,,,,,,,,,,,,,,,,,,,
,,,,,,,,,,,,,,,,,,,,,,,,,,,,,,,,,
,,,,,,,,,,,,,,,,,,,,,,,,,,,,,,,,,
,,,,,,,,,,,,,,,,,,,,,,,,,,,,,,,,,
,,,,,,,,,,,,,,,,,,,,,,,,,,,,,,,,,
,,,,,,,,,,,,,,,,,,,,,,,,,,,,,,,,,
,,,,,,,,,,,,,,,,,,,,,,,,,,,,,,,,,
,,,,,,,,,,,,,,,,,,,,,,,,,,,,,,,,,
,,,,,,,,,,,,,,,,,,,,,,,,,,,,,,,,,
,,,,,,,,,,,,,,,,,,,,,,,,,,,,,,,,,
,,,,,,,,,,,,,,,,,,,,,,,,,,,,,,,,,
,,,,,,,,,,,,,,,,,,,,,,,,,,,,,,,,,
,,,,,,,,,,,,,,,,,,,,,,,,,,,,,,,,,
,,,,,,,,,,,,,,,,,,,,,,,,,,,,,,,,,
,,,,,,,,,,,,,,,,,,,,,,,,,,,,,,,,,
,,,,,,,,,,,,,,,,,,,,,,,,,,,,,,,,,
,,,,,,,,,,,,,,,,,,,,,,,,,,,,,,,,,
,,,,,,,,,,,,,,,,,,,,,,,,,,,,,,,,,
,,,,,,,,,,,,,,,,,,,,,,,,,,,,,,,,,
,,,,,,,,,,,,,,,,,,,,,,,,,,,,,,,,,
,,,,,,,,,,,,,,,,,,,,,,,,,,,,,,,,,
,,,,,,,,,,,,,,,,,,,,,,,,,,,,,,,,,
,,,,,,,,,,,,,,,,,,,,,,,,,,,,,,,,,
,,,,,,,,,,,,,,,,,,,,,,,,,,,,,,,,,