Time - milli sec,Voltage,Current,Remained Battery - Arbitrary,Consumed Current,Lidar Distance - in mm,Throttle,PWM Value
1419,0,0,0,0,0,0,0
1438,13.56,0.47,100,0,476,328,335
1524,13.56,0.35,100,0,488,328,335
1619,13.58,0.12,100,0,491,328,335
1713,13.34,0.94,100,0,488,328,335
1808,13.47,1.18,100,0,492,328,335
1903,13.58,0.12,100,0,490,328,335
1998,13.56,0.24,100,0,490,328,335
2093,13.58,0.12,100,0,489,1101,1127
2188,13.56,0.24,100,0,491,1101,1127
2283,13.56,0.59,100,0.01,488,1101,1127
2378,13.56,0.59,100,0.01,489,1101,1127
2473,13.54,0.47,100,0.01,490,1101,1127
2567,13.54,0.71,100,0.01,489,1101,1127
2662,13.54,0.35,100,0.01,488,1101,1127
2757,13.52,0.59,100,0.01,486,1101,1127
2852,13.52,0.59,100,0.01,487,1101,1127
2947,13.54,0.24,100,0.01,489,1101,1127
3042,13.54,0.71,100,0.01,488,1101,1127
3137,13.54,0.59,100,0.01,489,1101,1127
3232,13.58,0.24,100,0.01,489,1101,1127
3327,13.56,0.71,100,0.01,488,1101,1127
3421,13.56,0.12,100,0.01,488,1101,1127
3516,13.58,0.24,100,0.01,491,1101,1127
3611,13.54,0.47,100,0.01,488,1101,1127
3706,13.56,0.47,100,0.01,489,1101,1127
3801,13.54,0.59,100,0.01,487,1101,1127
3896,13.52,0.59,100,0.01,486,1101,1127
3991,13.54,0.59,100,0.01,487,1101,1127
4086,13.56,0.24,100,0.02,488,1101,1127
4181,13.56,0.59,100,0.02,489,1101,1127
4276,13.58,0.12,100,0.02,488,1101,1127
4371,13.54,0.59,100,0.02,489,1101,1127
4466,13.56,0.59,100,0.02,489,1101,1127
4560,13.58,0.24,100,0.02,490,1101,1127
4655,13.58,0.24,100,0.02,490,1101,1127
4750,13.56,0.47,100,0.02,488,1133,1159
4845,13.54,0.71,100,0.02,490,1140,1167
4940,13.58,0.12,100,0.02,489,1142,1169
5035,13.56,0.47,100,0.02,487,1158,1185
5130,13.58,0.24,100,0.02,488,1172,1199
5225,13.63,1.06,100,0.02,491,1184,1212
5320,13.49,2,100,0.02,491,1180,1208
5415,13.47,2.7,100,0.03,492,1179,1207
5510,13.51,2.35,100,0.03,489,1180,1208
5605,13.47,2.59,100,0.03,490,1182,1210
5700,13.51,2,100,0.03,488,1184,1212
5795,13.4,2.23,100,0.04,488,1199,1227
5889,13.56,2.47,100,0.04,489,1205,1233
5984,13.4,3.88,100,0.04,489,1209,1237
6079,13.42,3.29,100,0.05,491,1212,1240
6174,13.28,3.29,100,0.05,487,1216,1244
6269,13.47,3.29,100,0.05,491,1224,1253
6364,13.39,4.23,100,0.06,488,1229,1258
6459,13.42,3.88,100,0.06,492,1239,1268
6554,13.44,5.17,99.99,0.07,490,1241,1270
6649,13.46,4.58,99.99,0.07,491,1241,1270
6744,13.51,4.82,99.99,0.08,488,1252,1281
6839,13.34,5.29,99.99,0.09,489,1255,1284
6934,13.01,6.93,99.99,0.09,489,1259,1288
7029,12.92,6.35,99.99,0.1,489,1263,1292
7123,13.23,5.88,99.99,0.11,490,1263,1292
7218,13.34,6.7,99.99,0.11,493,1269,1299
7313,13.46,5.41,99.99,0.12,488,1269,1299
7408,13.34,6.11,99.99,0.13,491,1280,1310
7503,13.1,6.46,99.99,0.13,487,1286,1316
7598,13.08,7.52,99.99,0.14,491,1290,1320
7693,13.3,8.11,99.99,0.15,490,1298,1328
7788,13.06,7.52,99.99,0.16,491,1301,1331
7883,13.15,7.64,99.99,0.17,493,1304,1334
7978,13.2,8.34,99.99,0.18,491,1305,1335
8073,13.4,6.82,99.99,0.19,487,1305,1335
8168,13.15,8.11,99.99,0.19,493,1309,1340
8262,13.42,9.75,99.98,0.21,492,1316,1347
8357,13.01,8.58,99.98,0.21,489,1317,1348
8452,12.65,10.22,99.98,0.23,492,1318,1349
8547,12.94,9.52,99.98,0.24,492,1324,1355
8642,12.99,12.93,99.98,0.25,491,1324,1355
8737,13.16,9.17,99.98,0.26,492,1324,1355
8832,13.4,10.69,99.98,0.27,491,1325,1356
8927,13.27,10.93,99.98,0.29,492,1329,1360
9022,13.49,9.05,99.98,0.3,489,1331,1362
9117,13.04,9.64,99.98,0.31,490,1331,1362
9212,12.99,11.16,99.98,0.32,493,1334,1365
9307,13.25,10.46,99.97,0.33,491,1335,1366
9402,13.35,9.52,99.97,0.34,490,1336,1367
9497,12.87,10.93,99.97,0.35,492,1339,1370
9591,13.42,10.69,99.97,0.36,491,1339,1370
9686,12.92,12.34,99.97,0.38,494,1343,1374
9781,13.03,12.34,99.97,0.39,494,1345,1376
9876,12.74,11.63,99.97,0.41,494,1345,1376
9971,13.35,11.52,99.97,0.42,493,1345,1376
10066,12.82,11.75,99.97,0.43,494,1347,1378
10161,12.8,14.34,99.97,0.45,502,1349,1381
10256,12.31,13.51,99.96,0.46,514,1351,1383
10351,12.84,13.4,99.96,0.48,526,1351,1383
10446,13.18,13.4,99.96,0.49,544,1326,1357
10541,13.11,10.22,99.96,0.5,568,1327,1358
10636,13.47,10.34,99.96,0.51,581,1335,1366
10731,13.37,10.93,99.96,0.53,591,1335,1366
10826,13.23,10.46,99.96,0.54,597,1340,1371
10921,12.48,13.75,99.96,0.55,598,1341,1372
11016,12.99,12.1,99.96,0.57,600,1343,1374
11110,12.99,12.81,99.96,0.58,601,1345,1376
11205,13.44,9.75,99.95,0.59,606,1345,1376
11300,13.46,11.63,99.95,0.6,615,1336,1367
11395,13.06,11.52,99.95,0.62,619,1324,1355
11490,12.98,10.11,99.95,0.63,622,1316,1347
11585,13.51,7.52,99.95,0.64,620,1320,1351
11680,13.13,11.52,99.95,0.65,615,1320,1351
11775,13.35,9.17,99.95,0.66,604,1327,1358
11870,12.99,10.81,99.95,0.67,589,1347,1378
11965,12.96,14.1,99.95,0.69,576,1348,1380
12060,12.7,14.22,99.95,0.7,571,1349,1381
12155,12.79,11.75,99.94,0.72,575,1349,1381
12250,13.08,13.16,99.94,0.73,581,1343,1374
12345,13.1,9.75,99.94,0.74,595,1302,1332
12439,12.87,7.87,99.94,0.75,607,1300,1330
12534,13.37,7.76,99.94,0.76,607,1302,1332
12629,12.89,8.7,99.94,0.77,594,1302,1332
12724,13.13,8.23,99.94,0.78,570,1316,1347
12819,13.32,7.76,99.94,0.79,540,1334,1365
12914,13.01,11.16,99.94,0.8,506,1340,1371
13009,12.75,11.16,99.94,0.81,495,1343,1374
13104,12.58,14.45,99.94,0.83,503,1343,1374
13199,13.06,11.63,99.94,0.84,514,1343,1374
13294,13.1,11.4,99.93,0.85,533,1328,1359
13388,13.1,10.11,99.93,0.86,545,1323,1354
13483,13.1,10.11,99.93,0.88,556,1323,1354
13578,13.11,10.46,99.93,0.89,561,1335,1366
13673,12.74,11.28,99.93,0.9,564,1331,1362
13768,13.37,10.11,99.93,0.91,561,1331,1362
13863,13.06,9.28,99.93,0.92,560,1335,1366
13958,13.2,11.4,99.93,0.93,556,1336,1367
14053,13.18,11.52,99.93,0.95,557,1333,1364
14148,12.84,11.05,99.93,0.96,557,1335,1366
14243,13.3,10.46,99.93,0.97,556,1336,1367
14338,12.7,11.4,99.92,0.98,557,1335,1366
14433,13.42,11.28,99.92,1,553,1336,1367
14528,12.91,12.57,99.92,1.01,557,1338,1369
14623,12.74,11.75,99.92,1.02,559,1339,1370
14717,13.42,9.52,99.92,1.03,561,1340,1371
14812,12.91,11.52,99.92,1.05,559,1341,1372
14907,13.1,10.81,99.92,1.06,562,1329,1360
15002,13.46,8.11,99.92,1.07,566,1309,1340
15097,13.22,9.28,99.92,1.08,561,1333,1364
15192,12.92,12.46,99.92,1.09,555,1343,1374
15287,12.6,13.04,99.91,1.11,547,1343,1374
15382,12.74,12.46,99.91,1.12,540,1343,1374
15477,12.98,11.63,99.91,1.13,541,1347,1378
15572,13.28,10.58,99.91,1.14,541,1333,1364
15667,13.06,10.46,99.91,1.16,550,1316,1347
15762,13.39,10.22,99.91,1.17,559,1305,1335
15857,12.99,10.22,99.91,1.18,556,1329,1360
15951,13.44,10.34,99.91,1.19,550,1339,1370
16046,13.37,11.16,99.91,1.2,536,1344,1375
16141,12.99,12.93,99.91,1.22,532,1347,1378
16236,12.84,12.69,99.91,1.23,529,1351,1383
16331,12.62,13.28,99.9,1.25,537,1351,1383
16426,12.92,12.1,99.9,1.26,546,1351,1383
16521,13.03,12.69,99.9,1.27,564,1327,1358
16616,13.15,11.52,99.9,1.29,581,1308,1339
16711,13.11,7.99,99.9,1.3,594,1301,1331
16806,13.34,7.52,99.9,1.3,596,1296,1326
16901,13.28,8.23,99.9,1.31,581,1298,1328
16996,12.84,8.7,99.9,1.32,554,1331,1362
17091,13.32,11.52,99.9,1.34,519,1352,1384
17185,12.68,14.1,99.9,1.35,492,1363,1395
17281,12.72,13.28,99.89,1.37,504,1374,1406
17375,12.34,15.98,99.89,1.38,524,1374,1406
17470,13.03,13.87,99.89,1.4,559,1369,1401
17565,12.84,13.51,99.89,1.41,608,1324,1355
17660,13.15,9.75,99.89,1.42,622,1292,1322
17755,13.1,6.46,99.89,1.43,609,1320,1351
17850,13.1,9.99,99.89,1.44,586,1335,1366
17945,12.91,10.11,99.89,1.45,562,1345,1376
18040,12.41,12.1,99.89,1.47,544,1347,1378
18135,12.8,13.04,99.89,1.48,530,1351,1383
18230,12.96,14.81,99.88,1.5,526,1352,1384
18325,13.39,9.52,99.88,1.51,529,1352,1384
18420,13.18,11.63,99.88,1.52,540,1345,1376
18515,13.27,9.99,99.88,1.53,557,1345,1376
18609,13.03,12.22,99.88,1.55,576,1345,1376
18705,13.35,10.22,99.88,1.56,592,1323,1354
18800,12.82,10.46,99.88,1.57,611,1329,1360
18895,13.06,11.28,99.88,1.58,623,1336,1367
18989,13.28,13.04,99.88,1.6,624,1343,1374
19084,13.06,11.75,99.88,1.61,621,1343,1374
19179,12.94,13.28,99.88,1.62,621,1343,1374
19274,12.89,10.93,99.87,1.64,621,1343,1374
19369,13.08,10.46,99.87,1.65,626,1327,1358
19464,13.51,8.46,99.87,1.66,625,1324,1355
19559,13.28,9.99,99.87,1.67,622,1325,1356
19654,13.04,10.46,99.87,1.68,612,1325,1356
19749,12.79,10.93,99.87,1.69,605,1331,1362
19844,13.06,9.52,99.87,1.7,596,1336,1367
19939,12.96,11.99,99.87,1.72,587,1340,1371
20034,13.13,11.16,99.87,1.73,578,1340,1371
20129,13.15,11.52,99.87,1.74,580,1322,1353
20223,13.25,8.93,99.87,1.75,583,1328,1359
20318,13.44,9.87,99.86,1.76,580,1335,1366
20413,12.82,12.1,99.86,1.78,579,1328,1359
20508,12.7,10.34,99.86,1.79,579,1339,1370
20603,13.47,10.81,99.86,1.8,578,1341,1372
20698,13.2,12.46,99.86,1.81,583,1331,1362
20793,13.03,10.22,99.86,1.82,583,1317,1348
20888,13.22,9.4,99.86,1.84,586,1323,1354
20983,12.75,11.4,99.86,1.85,582,1323,1354
21078,12.58,12.57,99.86,1.86,573,1323,1354
21173,13.08,9.64,99.86,1.87,568,1345,1376
21267,13.13,13.75,99.85,1.89,560,1352,1384
21362,13.06,13.04,99.85,1.9,559,1355,1387
21457,12.55,15.51,99.85,1.92,567,1337,1368
21552,13.1,9.87,99.85,1.93,582,1326,1357
21648,12.91,12.22,99.85,1.94,599,1313,1344
21742,12.89,9.99,99.85,1.96,610,1309,1340
21837,13.28,7.76,99.85,1.96,613,1329,1360
21932,12.98,11.28,99.85,1.98,601,1341,1372
22027,13.11,11.63,99.85,1.99,587,1351,1383
22122,12.94,11.28,99.85,2,581,1355,1387
22217,12.63,13.4,99.84,2.02,582,1359,1391
22312,12.82,12.69,99.84,2.03,593,1335,1366
22407,13.11,9.28,99.84,2.04,609,1325,1356
22502,13.11,9.52,99.84,2.05,626,1320,1351
22597,12.94,10.46,99.84,2.06,621,1304,1334
22692,13.04,8.23,99.84,2.07,607,1302,1332
22787,13.08,8.7,99.84,2.08,591,1304,1334
22881,13.39,9.28,99.84,2.09,560,1316,1347
22976,12.8,11.52,99.84,2.11,524,1327,1358
23071,12.99,10.46,99.84,2.12,492,1327,1358
23166,13.13,11.05,99.84,2.13,498,1327,1358
23261,13.11,9.64,99.84,2.14,504,1327,1358
23356,13.27,8.93,99.83,2.15,506,1327,1358
23451,13.01,10.11,99.83,2.16,508,1323,1354
23546,13.49,9.28,99.83,2.17,507,1323,1354
23641,13.13,9.99,99.83,2.18,502,1323,1354
23736,12.86,10.69,99.83,2.19,499,1326,1357
23831,12.98,11.05,99.83,2.21,494,1327,1358
23926,12.99,11.63,99.83,2.22,492,1327,1358
24021,12.79,11.63,99.83,2.23,494,1328,1359
24116,12.65,13.16,99.83,2.25,492,1331,1362
24211,13.42,10.11,99.83,2.26,493,1333,1364
24306,12.98,11.16,99.83,2.27,492,1333,1364
24401,12.82,13.04,99.82,2.29,491,1335,1366
24496,13.01,11.05,99.82,2.3,495,1336,1367
24591,12.98,11.87,99.82,2.31,491,1339,1370
24685,12.96,11.52,99.82,2.32,491,1341,1372
24781,12.98,11.87,99.82,2.34,493,1347,1378
24875,12.92,12.69,99.82,2.35,497,1347,1378
24971,12.86,11.28,99.82,2.36,505,1347,1378
25065,13.32,11.99,99.82,2.38,522,1340,1371
25160,12.96,11.75,99.82,2.39,537,1325,1356
25255,13.04,11.16,99.82,2.4,556,1324,1355
25350,12.77,11.28,99.81,2.41,572,1336,1367
25445,12.89,13.04,99.81,2.43,579,1340,1371
25540,12.86,10.69,99.81,2.44,580,1343,1374
25635,12.91,11.05,99.81,2.45,586,1343,1374
25730,13.01,11.28,99.81,2.47,593,1345,1376
25825,13.01,11.05,99.81,2.48,600,1333,1364
25920,13.18,9.4,99.81,2.49,611,1312,1343
26015,13.18,8.58,99.81,2.5,617,1304,1334
26110,13.11,9.87,99.81,2.51,613,1328,1359
26205,13.01,10.58,99.81,2.52,597,1334,1365
26300,13.37,12.69,99.81,2.53,579,1339,1370
26394,12.99,10.81,99.8,2.55,567,1351,1383
26489,12.75,12.81,99.8,2.56,560,1355,1387
26584,12.72,14.34,99.8,2.58,565,1347,1378
26679,13.22,11.16,99.8,2.59,573,1327,1358
26774,13.25,8.46,99.8,2.6,589,1327,1358
26869,12.74,11.28,99.8,2.61,596,1312,1343
26964,12.79,9.64,99.8,2.62,602,1301,1331
27059,13.28,7.05,99.8,2.63,599,1316,1347
27154,12.94,11.52,99.8,2.64,586,1329,1360
27249,12.94,11.16,99.8,2.66,566,1335,1366
27344,12.68,12.57,99.79,2.67,549,1336,1367
27439,13.37,10.58,99.79,2.68,535,1336,1367
27534,13.49,9.17,99.79,2.69,528,1336,1367
27629,13.06,11.63,99.79,2.7,528,1336,1367
27724,13.03,12.81,99.79,2.72,526,1335,1366
27819,12.87,12.34,99.79,2.73,529,1335,1366
27914,12.92,9.99,99.79,2.74,538,1331,1362
28009,12.86,11.4,99.79,2.76,544,1327,1358
28104,13.47,9.64,99.79,2.77,553,1327,1358
28199,13.1,10.11,99.79,2.78,558,1329,1360
28293,13.03,9.52,99.79,2.79,558,1330,1361
28388,12.89,10.11,99.78,2.8,555,1330,1361
28483,12.96,11.4,99.78,2.81,558,1330,1361
28578,13.06,12.22,99.78,2.83,555,1330,1361
28673,12.67,11.05,99.78,2.84,558,1330,1361
28768,12.67,11.52,99.78,2.85,558,1330,1361
28863,13.34,8.81,99.78,2.86,561,1330,1361
28958,12.79,11.16,99.78,2.87,558,1331,1362
29053,12.99,12.34,99.78,2.89,560,1331,1362
29148,13.06,12.57,99.78,2.9,560,1331,1362
29243,12.92,11.75,99.78,2.91,560,1327,1358
29338,12.77,10.81,99.77,2.93,559,1329,1360
29433,12.98,10.93,99.77,2.94,558,1331,1362
29528,13.23,8.11,99.77,2.95,560,1335,1366
29623,13.06,12.69,99.77,2.96,556,1339,1370
29718,12.87,10.58,99.77,2.97,559,1340,1371
29813,13.13,12.1,99.77,2.99,560,1339,1370
29908,13.11,11.4,99.77,3,564,1339,1370
30003,12.91,13.63,99.77,3.01,573,1313,1344
30098,13.27,8.34,99.77,3.02,581,1327,1358
30193,13.08,10.58,99.77,3.04,584,1333,1364
30288,12.91,11.28,99.77,3.05,581,1339,1370
30448,13.32,11.63,99.76,3.06,579,1341,1372
30478,13.03,11.05,99.76,3.07,579,1343,1374
30573,12.94,11.87,99.76,3.09,582,1343,1374
30667,13.1,10.93,99.76,3.1,586,1341,1372
30762,12.77,12.1,99.76,3.11,595,1336,1367
30857,13.08,9.87,99.76,3.12,602,1331,1362
30952,13.11,11.16,99.76,3.13,606,1324,1355
31047,13.28,9.52,99.76,3.15,608,1323,1354
31142,13.44,8.93,99.76,3.16,605,1324,1355
31237,13.08,9.52,99.76,3.17,598,1324,1355
31332,13.03,9.99,99.76,3.18,591,1324,1355
31427,13.3,7.17,99.75,3.19,582,1331,1362
31522,12.92,10.69,99.75,3.2,572,1341,1372
31616,13.08,13.75,99.75,3.21,568,1343,1374
31712,13.27,10.93,99.75,3.22,569,1343,1374
31807,13.15,11.4,99.75,3.24,575,1344,1375
31901,12.86,11.63,99.75,3.25,585,1343,1374
31997,12.92,11.28,99.75,3.26,599,1302,1332
32091,13.34,6.93,99.75,3.27,616,1288,1318
32187,13.51,5.88,99.75,3.28,617,1289,1319
32281,13.25,7.29,99.75,3.28,605,1302,1332
32376,12.82,9.52,99.75,3.3,571,1309,1340
32471,13.06,10.93,99.75,3.31,534,1323,1354
32566,12.86,9.52,99.74,3.32,494,1327,1358
32661,13.2,9.87,99.74,3.33,496,1331,1362
32756,13.27,9.4,99.74,3.34,508,1330,1361
32851,13.13,10.93,99.74,3.35,513,1327,1358
32946,12.67,10.22,99.74,3.36,519,1317,1348
33041,13.06,10.58,99.74,3.37,524,1316,1347
33136,12.7,10.22,99.74,3.39,518,1323,1354
33231,12.51,12.46,99.74,3.4,515,1323,1354
33325,13.03,10.69,99.74,3.41,508,1328,1359
33421,13.08,11.28,99.74,3.42,499,1329,1360
33516,13.39,9.87,99.74,3.44,494,1329,1360
33610,13.46,8.23,99.74,3.44,493,1329,1360
33706,13.34,9.4,99.73,3.45,493,1329,1360
33800,13.22,10.58,99.73,3.47,493,1329,1360
33896,13.25,10.34,99.73,3.48,495,1329,1360
33990,12.87,10.11,99.73,3.49,494,1329,1360
34085,13.27,7.52,99.73,3.5,497,1330,1361
34180,13.35,10.81,99.73,3.51,494,1331,1362
34275,12.86,11.75,99.73,3.52,496,1331,1362
34370,13.16,11.75,99.73,3.54,490,1331,1362
34465,13.06,10.69,99.73,3.55,493,1334,1365
34560,13.16,11.28,99.73,3.56,496,1335,1366
34655,13.13,10.22,99.73,3.57,493,1339,1370
34750,13.11,13.04,99.72,3.59,493,1341,1372
34845,12.98,12.22,99.72,3.6,494,1343,1374
34940,12.98,11.4,99.72,3.61,496,1343,1374
35035,12.8,13.4,99.72,3.63,504,1343,1374
35130,12.77,12.1,99.72,3.64,511,1343,1374
35225,12.86,12.22,99.72,3.65,525,1343,1374
35320,12.75,12.22,99.72,3.67,538,1340,1371
35415,12.7,12.69,99.72,3.68,553,1340,1371
35510,13.06,11.16,99.72,3.69,569,1340,1371
35605,13.25,12.57,99.71,3.71,581,1337,1368
35700,13.11,13.28,99.71,3.72,596,1334,1365
35795,12.84,10.58,99.71,3.73,607,1328,1359
35890,12.62,12.46,99.71,3.75,616,1327,1358
35985,13.22,9.87,99.71,3.76,619,1327,1358
36080,13.47,9.17,99.71,3.77,616,1327,1358
36175,13.11,10.22,99.71,3.78,613,1327,1358
36270,12.89,11.52,99.71,3.79,603,1327,1358
36364,13.08,11.75,99.71,3.81,596,1327,1358
36459,13.08,10.69,99.71,3.82,588,1327,1358
36554,13.3,9.28,99.71,3.83,576,1327,1358
36649,12.89,12.1,99.7,3.84,571,1327,1358
36744,12.79,9.99,99.7,3.85,569,1327,1358
36839,13.28,10.58,99.7,3.87,560,1327,1358
36934,13.04,9.99,99.7,3.88,552,1324,1355
37029,12.98,11.52,99.7,3.89,550,1324,1355
37124,13.15,11.28,99.7,3.9,544,1324,1355
37219,13.46,10.34,99.7,3.91,538,1324,1355
37314,13.32,10.11,99.7,3.92,531,1324,1355
37409,13.13,9.52,99.7,3.94,528,1324,1355
37504,12.56,11.87,99.7,3.95,517,1327,1358
37599,13.2,9.28,99.7,3.96,513,1327,1358
37694,12.86,9.99,99.69,3.97,508,1328,1359
37789,13.03,11.16,99.69,3.98,506,1333,1364
37884,13.22,9.99,99.69,3.99,505,1333,1364
37979,13.1,11.28,99.69,4.01,505,1333,1364
38074,13.11,9.87,99.69,4.02,510,1333,1364
38168,12.99,9.28,99.69,4.03,511,1333,1364
38264,13.27,11.28,99.69,4.04,517,1328,1359
38358,13.1,11.16,99.69,4.05,523,1323,1354
38454,12.77,10.69,99.69,4.06,522,1327,1358
38548,12.86,10.93,99.69,4.08,526,1327,1358
38643,13.42,8.23,99.69,4.09,526,1327,1358
38738,13.44,9.17,99.68,4.1,523,1329,1360
38833,12.92,13.04,99.68,4.11,527,1331,1362
38928,13.03,9.87,99.68,4.12,525,1331,1362
39023,12.82,11.87,99.68,4.13,526,1331,1362
39118,13.22,11.63,99.68,4.15,525,1331,1362
39213,12.86,11.87,99.68,4.16,526,1331,1362
39308,12.58,11.75,99.68,4.17,525,1331,1362
39403,13.25,10.81,99.68,4.19,529,1333,1364
39498,12.84,12.69,99.68,4.2,531,1333,1364
39593,12.86,11.28,99.68,4.21,529,1333,1364
39688,13.1,10.46,99.68,4.22,534,1333,1364
39782,13.27,9.99,99.67,4.23,540,1333,1364
39878,12.74,11.99,99.67,4.25,539,1333,1364
39972,13.28,11.63,99.67,4.26,544,1333,1364
40068,13.18,9.75,99.67,4.27,545,1333,1364
40162,13.39,9.28,99.67,4.28,548,1333,1364
40257,12.94,12.1,99.67,4.3,554,1333,1364
40352,12.82,12.46,99.67,4.31,553,1333,1364
40447,13.27,10.46,99.67,4.32,556,1333,1364
40542,12.94,10.81,99.67,4.33,560,1333,1364
40637,13.46,10.81,99.67,4.35,562,1333,1364
40732,12.96,10.81,99.66,4.36,563,1333,1364
40827,13.25,11.05,99.66,4.37,563,1333,1364
40922,12.86,11.16,99.66,4.38,562,1333,1364
41017,13.34,9.75,99.66,4.39,563,1334,1365
41112,13.01,11.87,99.66,4.41,564,1335,1366
41207,12.56,12.46,99.66,4.42,564,1335,1366
41302,12.8,12.1,99.66,4.43,562,1335,1366
41397,12.79,12.81,99.66,4.45,565,1335,1366
41491,13.22,8.81,99.66,4.46,565,1335,1366
41587,12.84,11.75,99.66,4.47,568,1336,1367
41682,13.3,10.34,99.66,4.48,565,1336,1367
41777,13.01,10.46,99.65,4.49,567,1337,1368
41872,12.96,12.1,99.65,4.51,570,1339,1370
41967,13.01,12.57,99.65,4.52,571,1340,1371
42061,13.27,11.28,99.65,4.53,574,1341,1372
42157,13.22,11.75,99.65,4.55,579,1341,1372
42251,13.13,11.16,99.65,4.56,580,1341,1372
42346,13.16,10.58,99.65,4.57,592,1331,1362
42441,13.01,10.46,99.65,4.58,600,1327,1358
42536,12.84,10.81,99.65,4.59,606,1326,1357
42631,12.91,10.81,99.65,4.61,607,1325,1356
42726,13.18,9.99,99.64,4.62,604,1320,1351
42821,12.91,8.58,99.64,4.63,600,1320,1351
42916,13.04,10.58,99.64,4.64,598,1320,1351
43011,13.18,9.28,99.64,4.65,586,1322,1353
43106,13.13,9.4,99.64,4.66,573,1323,1354
43201,13.03,11.63,99.64,4.67,562,1326,1357
43296,12.79,11.28,99.64,4.68,557,1327,1358
43391,13.15,10.58,99.64,4.7,548,1326,1357
43486,12.94,11.05,99.64,4.71,539,1326,1357
43581,13.08,10.11,99.64,4.72,535,1326,1357
43676,13.27,9.28,99.64,4.73,529,1326,1357
43770,13.03,11.05,99.64,4.74,531,1325,1356
43865,13.08,11.28,99.63,4.76,525,1324,1355
43960,13.39,8.23,99.63,4.76,524,1324,1355
44055,13.3,9.75,99.63,4.78,524,1323,1354
44150,12.68,11.05,99.63,4.79,518,1323,1354
44245,12.79,11.99,99.63,4.8,517,1324,1355
44340,13.06,10.46,99.63,4.81,512,1326,1357
44435,12.82,10.93,99.63,4.82,508,1331,1362
44530,13.13,9.52,99.63,4.83,507,1335,1366
44625,12.87,11.87,99.63,4.85,506,1336,1367
44720,12.56,14.1,99.63,4.86,507,1336,1367
44815,12.75,12.69,99.62,4.88,511,1336,1367
44910,13.39,12.22,99.62,4.89,516,1336,1367
45004,12.79,11.87,99.62,4.9,522,1336,1367
45100,13.08,11.28,99.62,4.92,533,1331,1362
45194,13.11,12.22,99.62,4.93,544,1331,1362
45289,12.68,10.93,99.62,4.94,553,1331,1362
45384,13.1,11.28,99.62,4.96,561,1331,1362
45479,13.3,8.34,99.62,4.96,565,1331,1362
45574,13.16,11.52,99.62,4.98,564,1331,1362
45669,13.22,11.28,99.62,4.99,570,1331,1362
45764,12.92,12.69,99.62,5,569,1333,1364
45859,13.4,9.52,99.61,5.01,566,1334,1365
45954,13.28,9.05,99.61,5.02,570,1334,1365
46049,13.18,11.28,99.61,5.04,567,1335,1366
46144,13.04,11.52,99.61,5.05,568,1335,1366
46238,13.3,9.75,99.61,5.06,571,1335,1366
46333,12.46,13.75,99.61,5.08,571,1335,1366
46428,13.11,11.05,99.61,5.09,573,1335,1366
46523,12.99,11.99,99.61,5.1,579,1334,1365
46618,12.5,13.28,99.61,5.12,579,1333,1364
46713,12.98,10.81,99.61,5.13,583,1331,1362
46808,12.98,10.93,99.6,5.14,586,1322,1353
46903,13.08,10.11,99.6,5.15,581,1320,1351
46998,13.13,9.28,99.6,5.16,578,1320,1351
47093,13.11,9.99,99.6,5.17,574,1322,1353
47188,13.2,9.28,99.6,5.18,567,1323,1354
47283,12.67,11.52,99.6,5.2,554,1326,1357
47378,13.28,10.69,99.6,5.21,542,1329,1360
47473,12.75,11.87,99.6,5.22,536,1329,1360
47568,12.92,9.87,99.6,5.23,532,1327,1358
47663,13.11,10.46,99.6,5.24,525,1327,1358
47758,13.3,8.81,99.6,5.25,521,1327,1358
47853,12.7,13.87,99.59,5.27,517,1329,1360
47947,12.98,11.99,99.59,5.28,515,1329,1360
48043,12.77,11.75,99.59,5.3,515,1329,1360
48138,13.27,10.34,99.59,5.31,514,1330,1361
48232,13.15,11.05,99.59,5.32,516,1331,1362
48328,12.86,12.1,99.59,5.33,517,1331,1362
48422,13.2,9.99,99.59,5.34,517,1331,1362
48517,12.96,11.99,99.59,5.36,517,1333,1364
48612,13.08,9.99,99.59,5.37,521,1333,1364
48707,13.42,8.34,99.59,5.38,522,1335,1366
48802,13.13,12.22,99.59,5.39,524,1335,1366
48897,13.18,10.69,99.58,5.4,532,1335,1366
48992,12.6,12.57,99.58,5.42,534,1335,1366
49087,13.34,10.46,99.58,5.43,546,1335,1366
49182,13.16,10.81,99.58,5.44,550,1331,1362
49277,12.84,11.99,99.58,5.45,558,1331,1362
49372,13.28,10.69,99.58,5.47,562,1327,1358
49467,13.25,9.64,99.58,5.48,568,1325,1356
49562,13.18,10.22,99.58,5.49,574,1324,1355
49657,13.03,8.58,99.58,5.5,570,1323,1354
49752,13.15,9.75,99.58,5.51,570,1323,1354
49847,12.82,10.69,99.58,5.52,565,1323,1354
49942,13.11,10.69,99.57,5.53,562,1325,1356
50036,13.22,9.99,99.57,5.54,555,1327,1358
50131,12.68,10.46,99.57,5.55,550,1327,1358
50226,12.77,12.22,99.57,5.57,540,1328,1359
50321,13.23,10.46,99.57,5.58,540,1329,1360
50416,12.8,11.63,99.57,5.59,538,1330,1361
50511,13.27,10.11,99.57,5.6,533,1331,1362
50606,12.82,11.4,99.57,5.62,535,1331,1362
50701,12.87,11.52,99.57,5.63,535,1331,1362
50796,12.99,11.05,99.57,5.64,535,1331,1362
50891,13.16,10.46,99.57,5.65,538,1331,1362
50986,13.4,8.7,99.56,5.66,536,1331,1362
51081,13.25,10.46,99.56,5.67,537,1331,1362
51176,13.25,10.46,99.56,5.69,536,1331,1362
51271,13.16,11.4,99.56,5.7,536,1333,1364
51366,13.16,9.64,99.56,5.71,538,1333,1364
51461,13.01,11.16,99.56,5.72,538,1333,1364
51555,12.82,11.63,99.56,5.74,537,1333,1364
51650,13.1,10.93,99.56,5.75,540,1333,1364
51745,13.13,10.34,99.56,5.76,539,1334,1365
51840,12.79,11.4,99.56,5.77,546,1334,1365
51935,12.62,12.46,99.55,5.79,547,1334,1365
52030,13.44,8.93,99.55,5.8,550,1334,1365
52125,12.92,11.52,99.55,5.81,548,1334,1365
52220,13.16,11.28,99.55,5.82,553,1334,1365
52315,12.74,13.28,99.55,5.84,555,1335,1366
52410,13.1,11.16,99.55,5.85,555,1335,1366
52505,13.11,11.16,99.55,5.86,562,1335,1366
52600,12.92,10.81,99.55,5.87,562,1334,1365
52695,13.15,11.28,99.55,5.88,564,1335,1366
52790,12.7,11.05,99.55,5.9,563,1335,1366
52885,12.62,13.04,99.55,5.91,565,1335,1366
52979,13.08,10.69,99.54,5.92,565,1335,1366
53074,13.1,12.34,99.54,5.94,566,1335,1366
53169,13.16,10.11,99.54,5.95,566,1335,1366
53265,13.16,10.22,99.54,5.96,569,1335,1366
53360,13.35,10.69,99.54,5.97,570,1335,1366
53454,13.11,10.58,99.54,5.98,571,1336,1367
53550,13.23,9.4,99.54,5.99,571,1336,1367
53644,13.06,11.28,99.54,6.01,571,1336,1367
53739,12.63,12.57,99.54,6.02,572,1337,1368
53834,12.7,12.69,99.54,6.03,571,1339,1370
53929,13.13,11.87,99.53,6.05,571,1340,1371
54024,13.15,12.22,99.53,6.06,574,1341,1372
54119,12.86,13.51,99.53,6.08,578,1341,1372
54214,13.3,7.99,99.53,6.09,581,1331,1362
54309,13.18,11.05,99.53,6.1,584,1329,1360
54404,12.89,9.75,99.53,6.11,592,1331,1362
54499,13.15,8.58,99.53,6.12,589,1325,1356
54594,12.98,9.87,99.53,6.13,588,1323,1354
54689,13.2,9.28,99.53,6.14,584,1324,1355
54784,13.11,11.16,99.53,6.15,578,1324,1355
54878,12.98,8.81,99.53,6.16,572,1324,1355
54973,13.23,10.93,99.53,6.17,561,1324,1355
55068,13.22,10.93,99.52,6.19,552,1324,1355
55163,12.99,10.34,99.52,6.2,544,1326,1357
55258,12.75,11.16,99.52,6.21,537,1327,1358
55354,13.01,11.05,99.52,6.22,529,1327,1358
55448,13.35,8.11,99.52,6.23,524,1327,1358
55543,12.98,11.87,99.52,6.24,520,1327,1358
55638,12.96,10.34,99.52,6.26,519,1330,1361
55733,13.13,12.22,99.52,6.27,518,1329,1360
55828,12.98,10.34,99.52,6.28,518,1329,1360
55923,13.1,11.75,99.52,6.29,518,1328,1359
56018,13.06,10.93,99.51,6.31,516,1328,1359
56113,12.99,10.93,99.51,6.32,519,1328,1359
56208,13.1,10.69,99.51,6.33,520,1328,1359
56303,13.2,9.4,99.51,6.34,518,1327,1358
56398,13.28,10.34,99.51,6.35,518,1325,1356
56493,12.86,11.63,99.51,6.36,517,1323,1354
56588,13.28,8.7,99.51,6.37,517,1323,1354
56682,13.13,9.99,99.51,6.39,512,1323,1354
56778,12.98,12.22,99.51,6.4,510,1335,1366
56873,12.68,13.04,99.51,6.41,503,1341,1372
56968,13.1,11.28,99.51,6.43,503,1341,1372
57062,12.75,11.99,99.5,6.44,506,1341,1372
57157,12.8,12.34,99.5,6.45,510,1341,1372
57252,13.15,12.1,99.5,6.47,519,1333,1364
57347,12.82,12.22,99.5,6.48,529,1320,1351
57442,12.79,10.58,99.5,6.49,537,1320,1351
57537,12.99,9.52,99.5,6.5,541,1324,1355
57632,12.74,10.69,99.5,6.51,536,1329,1360
57727,12.96,11.05,99.5,6.53,532,1333,1364
57822,12.84,12.46,99.5,6.54,529,1339,1370
57917,13.11,11.28,99.5,6.55,528,1340,1371
58012,13.06,11.63,99.49,6.57,529,1340,1371
58107,13.18,13.4,99.49,6.58,536,1340,1371
58202,12.63,12.22,99.49,6.59,542,1323,1354
58297,13.23,11.05,99.49,6.61,555,1320,1351
58392,13.16,9.87,99.49,6.62,557,1317,1348
58487,13.25,8.46,99.49,6.63,557,1320,1351
58582,13.28,7.76,99.49,6.64,557,1323,1354
58677,12.98,10.93,99.49,6.65,548,1327,1358
58772,12.92,12.57,99.49,6.66,541,1327,1358
58867,13.18,10.81,99.49,6.67,533,1331,1362
58961,13.32,10.58,99.49,6.69,530,1334,1365
59056,13.2,11.16,99.48,6.7,528,1334,1365
59151,13.27,9.87,99.48,6.71,528,1333,1364
59246,12.86,12.34,99.48,6.72,530,1329,1360
59341,13.04,10.11,99.48,6.73,534,1320,1351
59436,13.15,10.22,99.48,6.74,535,1318,1349
59531,13.22,9.99,99.48,6.76,537,1320,1351
59626,12.74,11.4,99.48,6.77,530,1323,1354
59721,13.27,9.52,99.48,6.78,521,1324,1355
59816,12.82,10.46,99.48,6.79,513,1327,1358
59911,13.49,6.82,99.48,6.8,506,1328,1359
60006,12.82,11.16,99.48,6.81,502,1333,1364
60101,13.2,10.93,99.48,6.82,499,1333,1364
60196,13.42,9.75,99.47,6.83,499,1333,1364
60291,12.77,10.93,99.47,6.85,500,1333,1364
60386,13.37,10.81,99.47,6.86,504,1333,1364
60481,13.16,12.1,99.47,6.87,510,1334,1365
60576,13.52,7.64,99.47,6.88,515,1333,1364
60671,12.94,11.52,99.47,6.89,520,1333,1364
60766,12.75,12.57,99.47,6.91,527,1333,1364
60860,12.8,9.99,99.47,6.92,532,1333,1364
60955,13.13,10.81,99.47,6.93,538,1333,1364
61051,13.01,11.05,99.47,6.94,544,1333,1364
61146,13.28,11.05,99.47,6.95,547,1333,1364
61241,12.99,11.16,99.46,6.97,551,1333,1364
61336,13.11,11.16,99.46,6.98,554,1333,1364
61431,12.98,11.28,99.46,6.99,556,1334,1365
61526,13.08,11.52,99.46,7,555,1333,1364
61620,12.89,11.28,99.46,7.02,557,1334,1365
61715,13.25,9.75,99.46,7.03,557,1335,1366
61810,13.2,12.57,99.46,7.04,554,1336,1367
61905,13.03,10.93,99.46,7.05,556,1338,1369
62000,13.39,10.58,99.46,7.07,559,1338,1369
62095,13.16,11.63,99.46,7.08,561,1338,1369
62190,13.1,12.93,99.45,7.09,565,1338,1369
62285,12.75,11.99,99.45,7.11,570,1336,1367
62380,13.39,10.46,99.45,7.12,574,1336,1367
62475,12.99,11.75,99.45,7.13,580,1337,1368
62570,12.86,11.52,99.45,7.14,586,1337,1368
62665,13.42,9.4,99.45,7.15,589,1337,1368
62760,13.18,10.11,99.45,7.17,594,1337,1368
62855,13.06,11.52,99.45,7.18,597,1338,1369
62950,12.44,13.4,99.45,7.19,602,1339,1370
63045,12.7,11.28,99.45,7.21,603,1339,1370
63139,12.91,12.93,99.44,7.22,607,1340,1371
63235,13.3,10.34,99.44,7.23,610,1340,1371
63329,12.58,12.34,99.44,7.25,612,1343,1374
63425,13.18,11.05,99.44,7.26,618,1344,1375
63519,12.79,12.69,99.44,7.27,624,1345,1376
63615,12.98,12.57,99.44,7.29,626,1345,1376
63709,12.7,13.51,99.44,7.3,623,1344,1375
63804,12.51,13.51,99.44,7.32,624,1343,1374
63899,13.1,10.93,99.44,7.33,625,1327,1358
63994,13.4,8.81,99.44,7.34,625,1327,1358
64089,13.13,9.87,99.43,7.35,623,1327,1358
64184,13.25,9.87,99.43,7.36,618,1327,1358
64279,12.75,14.22,99.43,7.38,614,1327,1358
64374,13.23,9.99,99.43,7.39,605,1328,1359
64469,12.99,11.75,99.43,7.4,592,1328,1359
64564,13.25,9.87,99.43,7.41,589,1328,1359
64659,13.08,11.4,99.43,7.42,581,1328,1359
64753,13.11,11.75,99.43,7.44,573,1328,1359
64849,13.13,11.4,99.43,7.45,571,1328,1359
64944,12.75,11.99,99.43,7.46,567,1327,1358
65038,13.01,10.34,99.43,7.47,562,1327,1358
65133,13.03,9.4,99.42,7.48,557,1327,1358
65228,13.1,10.81,99.42,7.5,550,1328,1359
65323,13.06,11.28,99.42,7.51,549,1328,1359
65418,13.32,9.4,99.42,7.52,543,1329,1360
65513,12.68,12.46,99.42,7.53,534,1328,1359
65608,13.25,10.22,99.42,7.54,536,1328,1359
65703,13.27,9.99,99.42,7.56,536,1328,1359
65798,13.1,11.99,99.42,7.57,533,1329,1360
65893,13.06,10.58,99.42,7.58,532,1329,1360
65988,13.13,10.69,99.42,7.59,531,1328,1359
66083,12.89,10.58,99.42,7.6,529,1328,1359
66178,13.3,10.93,99.41,7.62,534,1327,1358
66273,13.08,10.81,99.41,7.63,530,1327,1358
66368,13.11,11.87,99.41,7.64,531,1327,1358
66463,13.35,9.87,99.41,7.65,532,1326,1357
66558,13.1,7.99,99.41,7.66,533,1327,1358
66652,13.23,9.17,99.41,7.67,531,1327,1358
66747,12.94,12.46,99.41,7.69,531,1326,1357
66842,13.2,10.69,99.41,7.7,530,1326,1357
66937,12.77,10.81,99.41,7.71,526,1326,1357
67032,13.01,10.46,99.41,7.72,524,1326,1357
67127,13.23,10.46,99.41,7.73,519,1326,1357
67222,13.03,11.28,99.4,7.74,519,1326,1357
67317,13.32,9.64,99.4,7.76,519,1326,1357
67412,13.13,10.34,99.4,7.77,517,1326,1357
67507,12.89,10.69,99.4,7.78,519,1326,1357
67602,12.94,11.05,99.4,7.79,517,1317,1348
67697,13.11,7.87,99.4,7.8,516,1316,1347
67792,13.18,9.75,99.4,7.81,514,1316,1347
67887,13.16,8.93,99.4,7.82,507,1317,1348
67982,13.11,9.87,99.4,7.83,503,1317,1348
68077,13.1,10.69,99.4,7.84,494,1323,1354
68172,12.82,11.99,99.4,7.86,493,1326,1357
68267,12.98,12.57,99.39,7.87,494,1326,1357
68362,13.11,11.99,99.39,7.88,496,1325,1356
68456,13.22,10.58,99.39,7.9,492,1325,1356
68551,13.25,10.46,99.39,7.91,495,1325,1356
68646,13.06,8.93,99.39,7.92,491,1326,1357
68741,13.23,8.93,99.39,7.93,492,1327,1358
68836,13.25,10.93,99.39,7.94,491,1327,1358
68931,13.08,10.58,99.39,7.95,493,1327,1358
69026,12.86,10.81,99.39,7.96,492,1329,1360
69121,12.75,12.46,99.39,7.98,493,1329,1360
69216,13.16,8.81,99.39,7.99,492,1329,1360
69311,12.72,10.34,99.38,8,494,1330,1361
69406,13.06,11.87,99.38,8.01,494,1330,1361
69501,12.96,12.46,99.38,8.03,491,1331,1362
69596,13.11,9.87,99.38,8.04,492,1331,1362
69691,12.86,10.34,99.38,8.05,494,1331,1362
69786,13.2,8.7,99.38,8.06,493,1331,1362
69881,13.23,12.34,99.38,8.07,495,1331,1362
69976,12.96,11.16,99.38,8.08,495,1331,1362
70071,12.89,12.1,99.38,8.1,495,1331,1362
70166,13.32,9.64,99.38,8.11,494,1331,1362
70261,13.03,11.87,99.38,8.12,494,1331,1362
70355,12.7,11.87,99.37,8.13,494,1331,1362
70450,12.99,11.28,99.37,8.15,495,1333,1364
70545,13.2,10.69,99.37,8.16,494,1333,1364
70640,12.77,11.28,99.37,8.17,497,1334,1365
70735,13.08,10.93,99.37,8.18,498,1335,1366
70830,12.72,11.05,99.37,8.2,501,1335,1366
70925,12.74,12.93,99.37,8.21,508,1335,1366
71020,12.58,11.87,99.37,8.22,516,1335,1366
71115,13.08,10.34,99.37,8.23,522,1335,1366
71210,13.11,11.4,99.37,8.25,535,1335,1366
71305,13.06,11.99,99.36,8.26,545,1335,1366
71400,12.84,13.16,99.36,8.28,558,1335,1366
71495,13.25,11.28,99.36,8.29,568,1335,1366
71590,13.08,9.28,99.36,8.3,577,1335,1366
71685,12.72,12.22,99.36,8.31,592,1335,1366
71780,12.56,12.93,99.36,8.33,602,1335,1366
71875,13.23,10.22,99.36,8.34,609,1335,1366
71969,13.06,10.69,99.36,8.35,619,1335,1366
72065,12.65,12.34,99.36,8.36,624,1335,1366
72159,13.22,11.16,99.36,8.38,623,1335,1366
72254,12.94,12.1,99.35,8.39,622,1335,1366
72349,13.37,10.81,99.35,8.4,623,1335,1366
72444,12.84,11.4,99.35,8.41,621,1335,1366
72539,12.91,12.1,99.35,8.43,619,1337,1368
72634,13.11,12.81,99.35,8.44,623,1336,1367
72729,13.2,11.99,99.35,8.45,623,1336,1367
72824,13.06,11.28,99.35,8.47,624,1335,1366
72919,12.84,12.1,99.35,8.48,622,1335,1366
73014,13.11,11.87,99.35,8.49,621,1335,1366
73109,12.74,12.46,99.35,8.51,621,1335,1366
73204,13.16,11.05,99.34,8.52,623,1335,1366
73299,13.27,9.52,99.34,8.53,622,1335,1366
73394,13.08,11.16,99.34,8.54,621,1335,1366
73489,13.08,10.93,99.34,8.55,620,1335,1366
73584,12.84,10.81,99.34,8.57,621,1335,1366
73678,13.23,10.58,99.34,8.58,620,1334,1365
73773,13.15,11.16,99.34,8.59,624,1334,1365
73868,13.03,10.22,99.34,8.6,621,1334,1365
73963,12.98,10.93,99.34,8.61,621,1333,1364
74058,13.22,10.69,99.34,8.63,625,1333,1364
74153,13.08,11.52,99.34,8.64,621,1333,1364
74248,12.84,12.34,99.33,8.65,619,1333,1364
74343,13.16,11.52,99.33,8.67,622,1331,1362
74438,13.08,11.87,99.33,8.68,621,1333,1364
74533,13.2,10.58,99.33,8.69,618,1333,1364
74628,12.89,11.4,99.33,8.7,618,1331,1362
74723,13.1,9.99,99.33,8.71,620,1333,1364
74818,13.35,8.58,99.33,8.72,617,1331,1362
74913,13.18,11.16,99.33,8.74,616,1331,1362
75008,12.7,11.05,99.33,8.75,616,1331,1362
75103,12.77,11.16,99.33,8.76,612,1331,1362
75198,12.77,10.58,99.33,8.77,614,1331,1362
75293,12.86,11.05,99.32,8.79,614,1331,1362
75387,13.3,10.69,99.32,8.8,615,1331,1362
75482,12.99,10.69,99.32,8.81,612,1330,1361
75577,13.1,11.28,99.32,8.82,614,1329,1360
75672,13.3,9.17,99.32,8.83,610,1327,1358
75767,12.96,12.46,99.32,8.85,611,1327,1358
75862,13.27,10.69,99.32,8.86,608,1324,1355
75957,12.84,11.28,99.32,8.87,606,1323,1354
76052,13.08,10.58,99.32,8.88,604,1323,1354
76147,13.06,10.93,99.32,8.89,596,1323,1354
76242,13.1,9.52,99.32,8.9,593,1323,1354
76337,13.15,9.87,99.31,8.92,589,1323,1354
76432,13.13,9.99,99.31,8.93,583,1323,1354
76527,13.2,7.4,99.31,8.93,575,1323,1354
76621,13.15,10.34,99.31,8.95,571,1323,1354
76716,12.84,9.99,99.31,8.96,566,1323,1354
76811,13.28,11.16,99.31,8.97,565,1323,1354
76906,12.96,8.81,99.31,8.98,561,1323,1354
77001,13.37,9.05,99.31,8.99,554,1323,1354
77096,13.01,8.81,99.31,9,552,1323,1354
77191,13.22,9.28,99.31,9.01,550,1323,1354
77286,12.87,10.11,99.31,9.02,545,1323,1354
77381,13.35,8.81,99.31,9.03,541,1323,1354
77476,13.1,11.63,99.3,9.04,540,1323,1354
77571,12.87,11.16,99.3,9.06,536,1323,1354
77666,13.11,10.34,99.3,9.07,533,1324,1355
77761,12.7,11.63,99.3,9.08,529,1324,1355
77856,13.34,9.05,99.3,9.09,526,1327,1358
77951,12.72,12.22,99.3,9.1,523,1327,1358
78046,12.94,11.52,99.3,9.12,518,1329,1360
78140,12.87,10.93,99.3,9.13,518,1331,1362
78235,13.04,9.99,99.3,9.14,517,1331,1362
78330,12.98,10.11,99.3,9.15,520,1331,1362
78425,12.98,9.4,99.3,9.16,519,1331,1362
78520,12.91,9.99,99.29,9.17,523,1331,1362
78615,13.03,10.58,99.29,9.18,526,1331,1362
78839,12.79,12.69,99.29,9.2,530,1331,1362
78913,13.03,12.57,99.29,9.21,532,1331,1362
78995,12.7,11.52,99.29,9.23,533,1331,1362
79090,12.8,10.69,99.29,9.24,534,1331,1362
79185,12.84,13.16,99.29,9.25,537,1331,1362
79280,13.15,10.93,99.29,9.26,536,1331,1362
79375,13.28,10.11,99.29,9.28,535,1331,1362
79470,13.27,10.34,99.29,9.29,536,1331,1362
79565,13.22,10.93,99.28,9.3,537,1331,1362
79660,12.91,11.16,99.28,9.31,539,1331,1362
79755,13.03,11.52,99.28,9.32,539,1331,1362
79850,13.34,10.81,99.28,9.34,538,1331,1362
79944,13.16,9.17,99.28,9.35,536,1331,1362
80039,13.06,9.52,99.28,9.36,537,1333,1364
80135,12.94,10.58,99.28,9.37,539,1334,1365
80229,12.8,11.4,99.28,9.38,538,1335,1366
80325,12.84,11.16,99.28,9.39,542,1336,1367
80419,13.01,11.52,99.28,9.41,540,1336,1367
80514,12.79,11.75,99.28,9.42,544,1336,1367
80609,12.62,14.22,99.27,9.44,547,1336,1367
80704,12.99,11.16,99.27,9.45,551,1336,1367
80799,13.15,10.93,99.27,9.46,558,1336,1367
80894,12.79,14.1,99.27,9.48,563,1336,1367
80989,12.98,12.34,99.27,9.49,569,1336,1367
81084,12.75,12.34,99.27,9.5,575,1336,1367
81179,13.03,10.34,99.27,9.51,581,1336,1367
81274,12.56,12.57,99.27,9.53,589,1335,1366
81369,12.87,11.52,99.27,9.54,593,1336,1367
81464,13.47,7.99,99.27,9.55,599,1336,1367
81559,13.16,11.52,99.26,9.56,603,1336,1367
81653,13.3,9.99,99.26,9.57,605,1336,1367
81748,13.42,10.22,99.26,9.59,609,1336,1367
81843,13.11,10.46,99.26,9.6,611,1336,1367
81938,12.67,11.75,99.26,9.61,612,1336,1367
82033,13.22,11.75,99.26,9.62,615,1336,1367
82128,12.48,13.63,99.26,9.64,617,1335,1366
82223,13.11,11.63,99.26,9.65,617,1334,1365
82318,13.04,10.69,99.26,9.66,616,1329,1360
82413,13.25,9.99,99.26,9.67,618,1328,1359
82508,13.18,10.69,99.25,9.69,616,1328,1359
82603,13.16,11.87,99.25,9.7,615,1328,1359
82698,13.01,10.58,99.25,9.71,609,1329,1360
82793,13.35,9.64,99.25,9.72,602,1329,1360
82888,13.46,9.17,99.25,9.73,595,1329,1360
82983,13.18,12.34,99.25,9.75,591,1329,1360
83078,13.01,11.4,99.25,9.76,584,1331,1362
83173,12.92,11.87,99.25,9.77,581,1331,1362
83268,12.96,12.1,99.25,9.78,579,1331,1362
83363,13.16,12.1,99.25,9.8,578,1333,1364
83458,13.04,11.28,99.25,9.81,576,1335,1366
83552,12.87,11.16,99.24,9.82,575,1335,1366
83647,13.03,12.22,99.24,9.84,577,1335,1366
83742,12.77,11.75,99.24,9.85,579,1335,1366
83837,12.79,11.63,99.24,9.86,584,1335,1366
83932,12.75,11.75,99.24,9.88,583,1335,1366
84027,13.32,9.64,99.24,9.89,582,1335,1366
84122,12.89,11.63,99.24,9.9,582,1335,1366
84217,13.15,10.69,99.24,9.91,583,1335,1366
84312,12.92,12.22,99.24,9.93,589,1335,1366
84407,12.96,12.1,99.24,9.94,590,1335,1366
84502,13.15,11.99,99.23,9.95,587,1335,1366
84597,12.96,11.87,99.23,9.96,590,1335,1366
84692,13.08,9.28,99.23,9.98,592,1335,1366
84787,13.11,9.64,99.23,9.99,591,1336,1367
84882,13.15,9.99,99.23,10,591,1336,1367
84976,12.94,12.34,99.23,10.01,592,1336,1367
85071,12.87,11.75,99.23,10.02,597,1336,1367
85167,13.03,10.46,99.23,10.04,599,1335,1366
85262,12.65,12.93,99.23,10.05,600,1335,1366
85357,12.98,11.28,99.23,10.06,604,1335,1366
85452,13.39,11.4,99.22,10.08,602,1335,1366
85546,13.2,10.81,99.22,10.09,601,1334,1365
85641,12.84,12.81,99.22,10.1,600,1333,1364
85736,13.25,10.93,99.22,10.11,601,1331,1362
85831,12.94,11.63,99.22,10.13,598,1331,1362
85926,13.04,11.87,99.22,10.14,596,1331,1362
86021,13.04,11.87,99.22,10.15,600,1331,1362
86116,13.2,10.46,99.22,10.16,598,1331,1362
86211,12.89,10.93,99.22,10.18,595,1331,1362
86306,12.86,11.16,99.22,10.19,595,1330,1361
86401,13.01,9.99,99.22,10.2,593,1331,1362
86496,12.94,10.46,99.21,10.21,593,1331,1362
86591,13.28,9.75,99.21,10.22,593,1331,1362
86686,13.13,10.46,99.21,10.23,588,1330,1361
86780,13.04,11.87,99.21,10.25,590,1330,1361
86876,13.23,9.05,99.21,10.26,591,1330,1361
86970,13.28,10.11,99.21,10.27,590,1331,1362
87066,12.94,11.87,99.21,10.28,590,1331,1362
87160,13.27,9.99,99.21,10.29,592,1330,1361
87255,13.03,10.34,99.21,10.3,589,1330,1361
87350,13.08,11.4,99.21,10.32,590,1329,1360
87445,13.1,9.52,99.21,10.33,589,1329,1360
87540,13.13,11.87,99.2,10.34,591,1327,1358
87635,13.06,9.28,99.2,10.35,587,1327,1358
87730,12.87,10.58,99.2,10.36,585,1327,1358
87825,12.92,10.81,99.2,10.37,587,1327,1358
87920,13.03,10.81,99.2,10.39,586,1327,1358
88015,13.34,9.52,99.2,10.4,585,1326,1357
88110,12.92,9.87,99.2,10.41,585,1324,1355
88205,12.99,11.99,99.2,10.42,581,1323,1354
88300,12.77,10.93,99.2,10.43,578,1323,1354
88395,13.18,9.87,99.2,10.44,575,1323,1354
88490,13.13,9.17,99.2,10.45,569,1323,1354
88585,13.06,10.58,99.19,10.47,566,1323,1354
88680,13.32,8.93,99.19,10.48,559,1324,1355
88775,13.08,10.22,99.19,10.49,555,1324,1355
88870,13.06,10.34,99.19,10.5,550,1323,1354
88965,12.89,11.05,99.19,10.51,541,1324,1355
89059,13.28,9.87,99.19,10.52,533,1323,1354
89154,12.99,11.28,99.19,10.54,525,1323,1354
89249,12.94,10.69,99.19,10.55,520,1324,1355
89344,12.91,9.99,99.19,10.56,516,1324,1355
89439,12.98,10.58,99.19,10.57,511,1324,1355
89534,13.27,9.87,99.19,10.58,510,1324,1355
89629,13.2,11.28,99.19,10.59,506,1327,1358
89724,12.99,10.81,99.18,10.61,502,1330,1361
89819,12.79,10.69,99.18,10.62,500,1331,1362
89914,13.35,8.46,99.18,10.63,499,1333,1364
90009,12.62,11.75,99.18,10.64,500,1335,1366
90104,13.1,11.63,99.18,10.65,501,1335,1366
90199,12.86,12.34,99.18,10.67,508,1335,1366
90294,13.1,9.87,99.18,10.68,513,1335,1366
90388,12.96,10.81,99.18,10.69,521,1335,1366
90483,13.08,10.34,99.18,10.7,530,1335,1366
90578,13.1,11.63,99.18,10.71,539,1334,1365
90673,12.84,11.4,99.17,10.73,553,1334,1365
90768,12.87,10.81,99.17,10.74,560,1333,1364
90863,12.92,11.16,99.17,10.75,567,1333,1364
90958,13.2,9.28,99.17,10.76,570,1333,1364
91053,12.99,9.75,99.17,10.77,574,1333,1364
91148,12.67,13.04,99.17,10.79,576,1334,1365
91243,12.89,12.1,99.17,10.8,575,1335,1366
91338,12.86,11.4,99.17,10.81,576,1335,1366
91433,13.08,11.05,99.17,10.83,575,1335,1366
91528,13.13,10.69,99.17,10.84,577,1335,1366
91623,13.1,11.99,99.17,10.85,579,1336,1367
91718,13.2,10.69,99.16,10.86,579,1336,1367
91813,13.16,9.05,99.16,10.87,580,1336,1367
91908,12.98,10.69,99.16,10.88,583,1337,1368
92002,13.06,12.1,99.16,10.9,585,1340,1371
92097,13.2,13.04,99.16,10.91,588,1340,1371
92192,13.01,11.28,99.16,10.92,592,1340,1371
92287,12.82,13.98,99.16,10.94,601,1339,1370
92382,13.18,9.4,99.16,10.95,606,1339,1370
92477,12.65,11.99,99.16,10.96,611,1335,1366
92572,13.15,11.63,99.16,10.98,617,1331,1362
92667,13.22,9.87,99.15,10.99,621,1329,1360
92762,13.11,9.64,99.15,11,621,1328,1359
92857,12.68,12.1,99.15,11.01,621,1328,1359
92952,12.98,11.63,99.15,11.02,619,1327,1358
93047,13.13,11.63,99.15,11.04,611,1327,1358
93142,13.25,11.05,99.15,11.05,609,1327,1358
93237,12.94,10.34,99.15,11.06,605,1327,1358
93332,13.06,12.81,99.15,11.08,597,1328,1359
93427,12.96,12.1,99.15,11.09,591,1328,1359
93522,13.16,9.52,99.15,11.1,586,1328,1359
93617,12.79,12.22,99.15,11.11,584,1327,1358
93712,13.04,11.75,99.14,11.13,578,1327,1358
93806,13.35,9.52,99.14,11.14,574,1327,1358
93901,13.27,10.69,99.14,11.15,571,1326,1357
93997,12.84,10.81,99.14,11.16,568,1326,1357
94092,13.08,10.58,99.14,11.17,566,1326,1357
94187,12.89,11.05,99.14,11.18,565,1325,1356
94282,13.18,10.11,99.14,11.2,561,1326,1357
94376,13.37,10.22,99.14,11.21,559,1326,1357
94472,13.04,9.4,99.14,11.22,556,1325,1356
94566,12.89,10.69,99.14,11.23,559,1325,1356
94661,12.6,11.63,99.14,11.24,553,1324,1355
94757,12.89,9.75,99.13,11.25,551,1325,1356
94851,13.51,8.7,99.13,11.26,550,1324,1355
94947,12.96,11.28,99.13,11.28,543,1325,1356
95041,12.75,11.4,99.13,11.29,539,1325,1356
95137,12.91,11.05,99.13,11.3,538,1325,1356
95231,13.01,10.93,99.13,11.31,535,1325,1356
95326,12.99,11.63,99.13,11.33,531,1325,1356
95421,13.15,8.81,99.13,11.34,529,1325,1356
95516,13.34,9.99,99.13,11.35,523,1325,1356
95611,12.79,10.58,99.13,11.36,516,1326,1357
95706,13.25,9.28,99.13,11.37,516,1327,1358
95801,12.53,12.1,99.12,11.38,515,1329,1360
95896,13.11,10.81,99.12,11.39,514,1329,1360
95991,12.99,10.22,99.12,11.41,513,1329,1360
96086,12.96,9.87,99.12,11.42,513,1330,1361
96181,13.44,9.4,99.12,11.43,513,1331,1362
96276,12.91,10.93,99.12,11.44,515,1331,1362
96371,13.04,9.64,99.12,11.45,515,1331,1362
96466,13.13,10.58,99.12,11.46,515,1331,1362
96561,13.15,11.4,99.12,11.47,515,1331,1362
96656,13.32,11.99,99.12,11.49,516,1331,1362
96751,12.96,11.99,99.12,11.5,516,1331,1362
96846,13.15,11.75,99.11,11.51,516,1331,1362
96941,13.37,9.64,99.11,11.52,518,1331,1362
97036,13.04,10.69,99.11,11.54,520,1331,1362
97131,13.1,8.93,99.11,11.55,521,1331,1362
97226,13.34,11.05,99.11,11.56,524,1331,1362
97321,13.16,10.22,99.11,11.57,527,1331,1362
97416,13.37,11.99,99.11,11.58,525,1331,1362
97510,12.96,11.16,99.11,11.6,526,1331,1362
97605,13.1,9.99,99.11,11.61,530,1331,1362
97700,13.23,10.46,99.11,11.62,529,1331,1362
97795,13.16,12.69,99.11,11.63,530,1331,1362
97890,13.08,10.58,99.1,11.64,532,1331,1362
97986,13.13,11.52,99.1,11.66,533,1331,1362
98080,13.23,10.93,99.1,11.67,532,1331,1362
98175,13.04,12.34,99.1,11.68,531,1331,1362
98270,13.01,11.16,99.1,11.7,534,1333,1364
98365,13.15,9.17,99.1,11.71,535,1335,1366
98460,13.11,13.04,99.1,11.72,539,1335,1366
98555,13.01,11.87,99.1,11.73,543,1336,1367
98650,13.15,12.46,99.1,11.75,548,1336,1367
98745,13.03,11.75,99.1,11.76,556,1335,1366
98840,13.39,9.28,99.09,11.77,564,1333,1364
98935,13.18,9.05,99.09,11.78,568,1331,1362
99030,12.91,11.05,99.09,11.79,575,1323,1354
99125,12.82,11.52,99.09,11.81,581,1320,1351
99220,13.11,10.22,99.09,11.82,580,1320,1351
99315,12.91,10.22,99.09,11.83,579,1318,1349
99410,12.92,10.11,99.09,11.84,574,1317,1348
99505,12.67,11.99,99.09,11.85,561,1313,1344
99600,13.13,10.34,99.09,11.86,549,1312,1343
99695,12.98,9.17,99.09,11.87,538,1312,1343
99790,13.04,10.34,99.09,11.89,520,1312,1343
99885,13.4,10.11,99.08,11.9,501,1312,1343
99980,12.89,9.17,99.08,11.91,494,1312,1343
100075,13.1,10.69,99.08,11.92,495,1312,1343
100170,13.4,7.76,99.08,11.93,493,1312,1343
100265,12.91,9.52,99.08,11.94,494,1312,1343
100360,12.84,9.4,99.08,11.95,491,1296,1326
100454,13.22,7.29,99.08,11.96,490,1271,1301
100549,13.15,7.05,99.08,11.96,493,1251,1280
100644,13.28,5.41,99.08,11.97,490,1202,1230
100739,13.39,3.29,99.08,11.97,493,1120,1146
100834,13.54,0.94,99.08,11.98,493,1101,1127
100929,13.58,0.24,99.08,11.98,489,1101,1127
101024,13.58,0.12,99.08,11.98,491,1101,1127
101119,13.54,0.59,99.08,11.98,491,1101,1127
101214,13.58,0.35,99.08,11.98,491,1101,1127
101309,13.59,0.24,99.08,11.98,491,1101,1127
101405,13.58,0.35,99.08,11.98,491,1101,1127
101499,13.59,0.24,99.08,11.98,491,1101,1127
101594,13.56,0.47,99.08,11.98,488,1101,1127
101689,13.56,0.71,99.08,11.98,493,1101,1127
101784,13.56,0.35,99.08,11.98,492,1101,1127
101878,13.59,0.47,99.08,11.98,491,1101,1127
101973,13.56,0.47,99.08,11.98,490,1101,1127
102069,13.58,0.24,99.08,11.98,490,1101,1127
102163,13.56,0.71,99.08,11.98,487,1101,1127
102258,13.58,0.12,99.08,11.98,490,1101,1127
102353,13.58,0.24,99.08,11.98,489,1101,1127
102449,13.58,0.24,99.08,11.98,489,1101,1127